acc_Unnamed: 0,acc_x_mean,acc_y_mean,acc_z_mean,acc_x_median,acc_y_median,acc_z_median,acc_x_max,acc_y_max,acc_z_max,acc_x_min,acc_y_min,acc_z_min,acc_x_diff,acc_y_diff,acc_z_diff,fallen,gyro_Unnamed: 0,gyro_x_mean,gyro_y_mean,gyro_z_mean,gyro_x_median,gyro_y_median,gyro_z_median,gyro_x_max,gyro_y_max,gyro_z_max,gyro_x_min,gyro_y_min,gyro_z_min,gyro_x_diff,gyro_y_diff,gyro_z_diff,orient_Unnamed: 0,orient_x_mean,orient_y_mean,orient_z_mean,orient_x_median,orient_y_median,orient_z_median,orient_x_max,orient_y_max,orient_z_max,orient_x_min,orient_y_min,orient_z_min,orient_x_diff,orient_y_diff,orient_z_diff
0,-4.630278884462146,-2.0027888446215147,6.558366533864536,-1.5,-2.25,8.8,36.1,21.9,39.2,-38.8,-33.2,-35.9,74.9,55.1,75.1,1,0,-0.1442231075697209,-0.0059760956175298,0.0768924302788844,0.0,-0.0,-0.0,3.8,5.4,4.0,-6.6,-9.9,-7.4,10.4,15.3,11.4,0,-0.198406374501989,0.2065737051792822,0.2470119521912345,-0.1,-0.0,0.3,0.1,0.8,0.5,-0.5,-0.0,-0.3,0.6,0.8,0.8
1,-5.221052631578938,-2.285052631578947,5.308631578947368,-5.8,-3.5,5.0,39.2,19.5,39.2,-38.8,-24.5,-39.2,78.0,44.0,78.4,1,1,0.0153684210526315,-0.0498947368421052,0.2359999999999999,0.0,-0.0,-0.0,8.8,5.9,7.9,-6.7,-4.0,-5.8,15.5,9.9,13.7,1,-0.1050526315789482,0.3418947368421032,-0.1978947368421058,-0.2,0.4,-0.1,0.3,0.6,-0.0,-0.4,-0.1,-0.9,0.7,0.7,0.9
2,-3.3556701030927814,-2.800257731958764,5.467010309278349,-0.8,-3.55,8.5,34.7,26.6,39.2,-38.7,-19.6,-12.7,73.4,46.2,51.900000000000006,1,2,-0.0777777777777777,-0.0462532299741601,0.0702842377260981,0.0,0.0,0.0,7.8,4.4,4.6,-7.7,-11.0,-5.8,15.5,15.4,10.4,2,0.1675257731958766,0.2654639175257743,-0.8538659793814435,0.0,0.2,-1.0,0.7,0.6,-0.4,-0.1,-0.1,-1.0,0.7999999999999999,0.7,0.6
3,-3.6212349397590327,-1.2941265060240943,5.568524096385535,-1.8,-2.0,6.9,24.0,22.6,39.2,-38.9,-39.2,-9.9,62.9,61.8,49.1,1,3,-0.0043674698795181,-0.008734939759036,0.0644578313253011,0.0,0.0,0.0,12.0,8.9,7.1,-7.9,-14.8,-6.8,19.9,23.700000000000003,13.9,3,0.0663093415007653,0.2010719754977007,-0.7084226646248013,0.1,0.3,-0.7,0.6,0.7,-0.2,-0.3,-0.5,-1.0,0.8999999999999999,1.2,0.8
4,-8.319649805447444,-2.242996108949413,3.627821011673158,-8.7,-1.7,4.4,39.2,33.4,39.2,-38.8,-23.7,-38.7,78.0,57.1,77.9,1,4,-0.0926213592233009,-0.0281553398058252,0.1025242718446601,0.0,0.0,0.0,4.5,4.5,3.8,-5.4,-4.8,-2.9,9.9,9.3,6.699999999999999,4,0.4762645914396894,0.195525291828791,-0.7881322957198468,0.5,0.1,-0.8,0.7,0.5,-0.6,0.1,-0.2,-0.9,0.6,0.7,0.3
5,-4.515311909262735,-1.3981096408317557,6.342344045368616,-1.3,-2.7,8.7,39.2,37.8,39.2,-38.9,-31.8,-39.2,78.1,69.6,78.4,1,5,-0.0808510638297872,-0.0477756286266924,0.0052224371373308,-0.0,-0.0,0.0,3.8,8.1,2.9,-9.5,-9.8,-11.2,13.3,17.9,14.1,5,-0.1228301886792452,-0.2473584905660381,0.7833962264150915,0.0,-0.2,0.9,0.2,0.2,1.0,-0.5,-0.6,0.3,0.7,0.8,0.7
6,-3.4492569002123146,1.1072186836518043,6.696815286624205,-1.3,2.2,8.5,22.2,39.0,39.2,-38.9,-24.3,-21.3,61.1,63.3,60.5,1,6,-0.1125265392781315,-0.0711252653927812,0.032696390658174,0.0,0.0,-0.0,3.2,3.7,4.9,-5.8,-8.7,-3.2,9.0,12.4,8.100000000000001,6,0.1651804670912942,0.1762208067940542,-0.450106157112529,0.2,0.1,-0.5,0.4,0.6,0.1,-0.0,-0.2,-1.0,0.4,0.8,1.1
7,-4.028058727569293,-2.64029363784667,5.718270799347451,-1.6,-4.4,8.6,39.2,38.9,39.2,-38.7,-39.2,-33.7,77.9,78.1,72.9,1,7,-0.0559543230016313,-0.0676998368678629,0.0481239804241434,-0.0,0.0,0.0,5.1,1.8,4.1,-7.6,-5.7,-5.3,12.7,7.5,9.4,7,0.2955954323001614,-0.0463295269168021,-0.4675367047308326,0.2,-0.0,-0.6,0.7,0.2,0.3,-0.3,-0.3,-0.6,1.0,0.5,0.8999999999999999
8,-3.0925663716814205,-2.8168141592920435,6.894690265486723,-0.8,-3.6,8.5,34.2,14.4,39.2,-38.9,-31.4,-10.5,73.1,45.8,49.7,1,8,-0.0306194690265487,-0.014513274336283,0.0175221238938052,0.0,-0.0,0.0,3.0,6.0,2.6,-4.4,-7.6,-6.0,7.4,13.6,8.6,8,-0.1968141592920349,0.1851327433628302,-0.0384070796460177,-0.3,0.1,-0.1,0.1,0.7,0.2,-0.4,-0.1,-0.3,0.5,0.7999999999999999,0.5
9,-5.438114754098365,0.085860655737705,5.6479508196721255,-3.5,0.75,8.4,16.4,38.9,39.2,-38.9,-19.6,-38.8,55.3,58.5,78.0,1,9,-0.2381147540983607,0.017827868852459,-0.0862704918032787,0.0,-0.0,0.0,12.1,4.3,6.2,-14.7,-6.6,-6.9,26.8,10.9,13.1,9,0.3133470225872665,-0.0092402464065708,-0.7334702258726928,0.2,-0.0,-0.7,0.7,0.2,-0.3,-0.1,-0.3,-1.0,0.7999999999999999,0.5,0.7
10,-3.8439873417721535,-2.5174050632911387,4.463291139240505,-0.75,-3.9,5.15,35.9,21.4,39.2,-39.0,-37.8,-27.0,74.9,59.2,66.2,1,10,-0.0525316455696204,0.0300632911392405,-0.0117088607594936,-0.0,-0.05,0.0,6.0,10.0,3.7,-11.2,-6.9,-10.0,17.2,16.9,13.7,10,0.3215189873417729,-0.0401898734177214,-0.4901898734177241,0.4,0.0,-0.4,0.7,0.3,-0.2,-0.4,-0.4,-0.7,1.1,0.7,0.4999999999999999
11,2.9519713261648874,-1.26612903225807,7.704838709677396,1.4,-3.3,9.0,39.2,36.3,38.9,-38.4,-38.3,-38.5,77.6,74.6,77.4,1,11,-0.0099999999999999,0.0457142857142856,0.1683928571428572,0.0,0.0,0.0,6.0,3.9,5.6,-5.7,-6.0,-7.4,11.7,9.9,13.0,11,0.1756272401433706,0.051433691756272,0.229390681003586,0.2,-0.0,0.4,0.5,0.4,0.7,-0.2,-0.2,-0.9,0.7,0.6000000000000001,1.6
12,-3.9272493573264753,-1.7215938303341864,6.616709511568125,-1.9,-3.2,8.1,39.2,38.9,39.2,-38.8,-25.7,-26.0,78.0,64.6,65.2,1,12,-0.0907455012853468,-0.0776349614395887,0.0131105398457584,0.0,0.0,0.0,18.4,5.7,8.3,-9.9,-4.7,-8.0,28.3,10.4,16.3,12,-0.1756476683937802,-0.149222797927462,0.88756476683938,-0.1,-0.2,0.9,0.2,0.3,1.0,-0.7,-0.6,0.7,0.8999999999999999,0.8999999999999999,0.3
13,-4.290979955456588,-0.2436525612472173,-0.0485523385300662,-1.6,0.4,1.7,35.4,37.9,21.9,-38.8,-39.2,-35.8,74.19999999999999,77.1,57.7,1,13,-0.0749443207126949,-0.0167037861915366,0.0226057906458798,0.0,-0.0,0.0,8.3,7.3,4.0,-6.6,-4.9,-5.6,14.9,12.2,9.6,13,0.1873051224944304,-0.5307349665924282,-0.0802895322939867,0.2,-0.5,-0.0,0.5,0.0,0.4,-0.3,-1.0,-0.6,0.8,1.0,1.0
14,-2.393668528864053,-2.5163873370577265,-1.6404096834264448,0.7,-2.3,-1.8,29.5,36.8,39.2,-38.8,-27.7,-39.1,68.3,64.5,78.30000000000001,1,14,-0.085288640595903,0.0001862197392922,-0.0599627560521415,0.0,0.0,0.0,7.5,2.5,2.4,-21.1,-10.6,-8.6,28.6,13.1,11.0,14,-0.4692737430167579,0.4605214152700148,-0.0407821229050282,-0.4,0.5,-0.1,0.3,0.8,0.4,-0.8,-0.1,-0.7,1.1,0.9,1.1
15,-1.712996389891686,1.2453068592057768,-4.859386281588447,1.4,3.3,-7.9,34.9,19.0,34.6,-38.6,-37.0,-30.3,73.5,56.0,64.9,1,15,-0.0947463768115942,0.0407608695652173,-0.2192028985507244,0.0,0.0,-0.0,7.8,4.7,7.1,-16.3,-4.2,-10.1,24.1,8.9,17.2,15,-0.5190217391304347,0.4389492753623153,-0.1184782608695652,-0.6,0.6,-0.1,0.3,1.0,0.2,-1.0,-0.2,-0.9,1.3,1.2,1.1
16,-6.261206896551723,1.468390804597702,2.3327586206896544,-7.4,0.75,2.1500000000000004,11.7,38.8,34.4,-34.5,-16.5,-18.6,46.2,55.3,53.0,1,16,-0.2439655172413794,-0.0962643678160919,0.2123563218390805,-0.1,0.0,0.0,9.9,4.1,3.8,-6.0,-4.7,-4.6,15.9,8.8,8.399999999999999,16,-0.4408045977011495,-0.2761494252873565,0.4431034482758634,-0.4,-0.3,0.4,-0.0,0.3,0.9,-0.7,-0.7,0.0,0.7,1.0,0.9
17,-4.676551724137929,4.1896551724137945,0.9742528735632172,-2.9,3.6,-0.7,14.6,25.4,37.3,-38.9,-19.9,-13.5,53.5,45.3,50.8,1,17,-0.13348623853211,-0.0288990825688073,0.2511467889908256,-0.1,0.0,0.0,6.6,5.0,10.4,-10.8,-8.1,-3.3,17.4,13.1,13.7,17,0.4468965517241391,0.2848275862068947,-0.2816091954022972,0.4,0.2,-0.1,0.8,0.7,0.3,-0.2,-0.1,-0.9,1.0,0.7999999999999999,1.2
18,-0.5353996737357349,-2.738336052202288,-0.6605220228384993,0.8,-4.5,1.5,19.1,9.5,31.6,-38.8,-39.2,-28.5,57.9,48.7,60.1,1,18,0.0272430668841762,-0.0257748776508972,-0.097553017944535,0.0,-0.0,-0.0,12.3,6.9,6.2,-17.6,-5.6,-7.4,29.9,12.5,13.6,18,0.5189368770764088,0.2483388704318915,-0.1913621262458467,0.5,0.1,0.0,1.0,0.6,0.4,-0.1,-0.2,-0.9,1.1,0.8,1.3
19,-5.957528957528961,0.142084942084944,5.362355212355226,-4.5,-0.4,5.45,18.6,30.3,39.1,-38.6,-31.0,-13.9,57.2,61.3,53.0,1,19,0.005791505791506,-0.0194980694980694,0.178957528957529,-0.0,-0.0,0.0,9.4,6.2,6.5,-7.8,-3.9,-2.9,17.2,10.1,9.4,19,0.2282398452611195,0.2038684719535796,-0.5675048355899418,0.2,0.2,-0.5,0.6,0.6,-0.3,-0.1,-0.6,-1.0,0.7,1.2,0.7
20,-5.002935420743629,3.0080234833659487,4.862035225048925,-5.0,5.5,4.1,17.9,25.6,36.5,-28.2,-14.6,-5.0,46.1,40.2,41.5,1,20,-0.0749510763209391,-0.0890410958904109,0.1544031311154603,-0.0,-0.0,-0.0,3.7,4.2,6.7,-3.8,-6.2,-7.1,7.5,10.4,13.8,20,0.3115459882583168,0.2575342465753423,-0.2606653620352219,0.4,0.2,-0.1,0.6,0.6,0.4,-0.1,0.0,-1.0,0.7,0.6,1.4
21,-1.1902479338843095,-1.2074380165289222,-4.527933884297523,1.5,-0.9,-4.1,18.0,39.0,39.2,-38.6,-33.9,-36.0,56.6,72.9,75.2,1,21,-0.0586776859504131,-0.0223140495867768,-0.003305785123967,-0.0,0.0,0.0,6.6,2.7,5.3,-9.2,-8.0,-8.3,15.8,10.7,13.6,21,0.7567880794701995,-0.1584437086092703,-0.1100993377483447,0.8,-0.2,0.0,1.0,0.4,0.3,-0.3,-0.5,-0.7,1.3,0.9,1.0
22,-5.790206185567017,2.030670103092782,0.4378865979381447,-6.25,0.6,0.7,17.6,37.2,38.1,-21.7,-26.2,-10.1,39.3,63.400000000000006,48.2,1,22,-0.1603092783505154,-0.1724226804123712,0.2077319587628868,-0.1,0.0,0.0,19.9,9.0,4.9,-5.7,-8.6,-3.0,25.6,17.6,7.9,22,-0.1036082474226791,0.4693298969072186,0.4270618556701068,-0.2,0.5,0.3,0.4,0.8,1.0,-0.6,-0.3,-0.4,1.0,1.1,1.4
23,-4.554280510018211,2.136612021857923,4.938615664845173,-2.5,4.1,6.1,16.4,27.0,39.2,-38.6,-30.8,-11.2,55.0,57.8,50.400000000000006,1,23,-0.1182481751824819,-0.1523722627737226,0.20492700729927,-0.0,0.0,0.1,9.5,3.7,4.8,-6.1,-6.0,-3.7,15.6,9.7,8.5,23,0.3564663023679433,-0.0546448087431696,-0.692531876138431,0.3,-0.1,-0.7,0.7,0.4,-0.4,-0.2,-0.6,-0.9,0.8999999999999999,1.0,0.5
24,-4.90904761904762,1.801428571428572,1.5964285714285715,-5.4,2.7,0.9,14.1,39.0,39.1,-38.8,-39.2,-35.8,52.9,78.2,74.9,1,24,0.0152380952380951,0.0538095238095237,-0.0166666666666667,0.1,0.0,0.05,30.0,13.0,12.1,-27.6,-9.0,-4.8,57.6,22.0,16.9,24,-0.0802380952380949,0.344523809523808,0.4780952380952372,0.0,0.25,0.6,0.4,0.8,0.9,-0.7,-0.2,0.0,1.1,1.0,0.9
25,0.0934782608695676,-5.498097826086955,-1.580434782608696,-1.05,-5.6,-2.2,39.2,39.0,39.2,-31.9,-39.2,-39.1,71.1,78.2,78.30000000000001,1,25,-0.1165760869565217,0.0570652173913043,0.0491847826086957,0.0,0.0,0.0,10.9,18.9,16.9,-18.8,-5.6,-4.7,29.700000000000003,24.5,21.6,25,-0.532880434782607,-0.4127717391304349,0.1589673913043476,-0.6,-0.4,0.3,0.1,-0.0,0.6,-0.8,-0.8,-0.7,0.9,0.8,1.2999999999999998
26,-0.7551724137931074,-0.9572413793103488,-3.093103448275863,0.6,-0.2,-5.2,32.9,32.8,39.2,-39.0,-27.3,-39.1,71.9,60.1,78.30000000000001,1,26,-0.1926436781609195,-0.0245977011494252,-0.2202298850574711,0.0,-0.0,-0.0,8.0,10.5,4.5,-19.5,-9.0,-9.1,27.5,19.5,13.6,26,0.2078160919540237,0.5816091954023028,-0.3496551724137918,0.4,0.8,-0.1,0.6,0.9,0.2,-0.4,-0.3,-0.9,1.0,1.2,1.1
27,-5.250854139290419,3.641261498028909,3.046254927726676,-4.8,6.5,3.1,14.9,35.7,16.9,-38.8,-27.9,-10.2,53.7,63.6,27.1,1,27,-0.0898817345597901,0.0106438896189225,0.1237844940867278,0.0,-0.0,0.0,5.6,2.5,7.8,-9.3,-4.5,-2.0,14.9,7.0,9.8,27,0.1401315789473669,-0.4760526315789489,-0.5618421052631634,0.1,-0.5,-0.6,0.7,-0.0,0.2,-0.3,-0.8,-1.0,1.0,0.8,1.2
28,-4.710375670840791,-1.712343470483005,-0.4579606440071567,-6.7,-2.3,2.2,24.8,22.6,39.2,-38.9,-39.2,-39.2,63.7,61.8,78.4,1,28,-0.0093023255813954,-0.159391771019678,-0.0407871198568871,0.0,-0.0,0.0,7.9,2.1,4.4,-21.8,-9.8,-4.9,29.700000000000003,11.9,9.3,28,0.3508960573476734,-0.0044802867383521,-0.1731182795698912,0.4,-0.3,-0.2,0.8,0.7,0.4,-0.7,-0.5,-0.5,1.5,1.2,0.9
29,-3.151644736842101,-1.3874999999999964,-0.6082236842105253,0.2,-2.6,0.1,39.2,16.6,39.2,-35.7,-38.7,-18.4,74.9,55.3,57.6,1,29,-0.0136288998357964,-0.1110016420361247,-0.1,0.0,0.0,-0.0,8.2,4.3,6.2,-8.0,-15.2,-7.9,16.2,19.5,14.1,29,-0.1108552631578944,0.0304276315789455,-0.2228618421052639,-0.1,-0.0,-0.2,0.2,0.8,0.1,-0.6,-0.9,-0.8,0.8,1.7000000000000002,0.9
30,-3.4512145748987795,-0.3408906882591077,3.747368421052633,-0.6,-2.4,4.55,26.1,38.9,31.1,-38.8,-39.2,-27.6,64.9,78.1,58.7,1,30,-0.0212550607287449,-0.0912955465587043,-0.0208502024291496,0.0,0.0,-0.0,13.9,3.6,5.7,-13.3,-14.7,-11.7,27.200000000000003,18.3,17.4,30,0.0945121951219506,0.1983739837398367,-0.7772357723577175,-0.1,0.3,-0.9,0.6,0.7,-0.4,-0.4,-0.5,-1.0,1.0,1.2,0.6
31,-3.9709251101321614,0.7068281938325993,3.3149779735682814,-1.35,0.4,1.9,13.0,25.7,33.7,-38.2,-18.7,-16.9,51.2,44.4,50.6,1,31,0.002202643171806,-0.1753303964757708,-0.0209251101321586,0.0,0.0,0.0,6.7,5.9,5.4,-4.3,-10.9,-4.0,11.0,16.8,9.4,31,-0.0960352422907485,-0.1319383259911887,0.4526431718061677,-0.0,-0.1,0.5,0.4,0.9,0.9,-0.5,-0.7,0.0,0.9,1.6,0.9
32,-3.298278829604129,-5.696041308089481,-0.0895008605851954,0.2,-6.5,-1.2,21.4,38.9,39.2,-38.7,-39.2,-29.4,60.1,78.1,68.6,1,32,0.197934595524957,-0.1555938037865748,-0.1731497418244407,-0.0,-0.0,0.0,22.1,5.9,6.1,-9.4,-8.3,-14.8,31.5,14.2,20.9,32,0.1629948364888125,-0.3125645438898458,0.6030981067125645,0.6,-0.4,0.5,0.7,0.7,1.0,-0.6,-0.5,0.2,1.2999999999999998,1.2,0.8
33,-3.392000000000013,-2.720800000000009,2.9824000000000006,0.7,-2.4,4.3,20.6,31.0,39.2,-27.9,-21.9,-39.0,48.5,52.9,78.2,1,33,-0.0350961538461538,-0.1387820512820511,0.0322115384615384,0.0,0.0,0.0,10.9,8.2,5.9,-10.7,-9.2,-4.6,21.6,17.4,10.5,33,-0.0616260162601624,0.1359349593495923,-0.5751219512195127,-0.3,0.2,-0.5,0.5,0.5,-0.3,-0.6,-0.8,-1.0,1.1,1.3,0.7
34,-2.4746987951807227,-0.7357429718875504,6.378514056224891,1.6,-0.7,9.0,24.7,38.2,39.2,-38.7,-39.2,-39.1,63.400000000000006,77.4,78.30000000000001,1,34,0.0359437751004014,-0.094578313253012,0.1004016064257024,0.0,-0.0,0.0,8.0,2.9,4.5,-6.5,-9.8,-8.7,14.5,12.7,13.2,34,0.0271084337349397,0.136144578313254,-0.5126506024096384,0.1,-0.1,-0.5,0.4,0.6,-0.1,-0.4,-0.2,-1.0,0.8,0.8,0.9
35,-2.4302477183832685,-2.713820078226853,-4.064928292046933,1.2,-3.8,-5.7,22.3,15.2,27.0,-38.7,-31.9,-31.7,61.0,47.1,58.7,1,35,-0.0877604166666664,0.0067708333333333,-0.1343749999999998,0.0,0.0,0.0,7.3,3.7,3.2,-13.8,-9.6,-7.8,21.1,13.3,11.0,35,-0.484485006518911,-0.3198174706649272,0.255932203389828,-0.6,-0.6,0.1,0.8,0.4,0.8,-0.7,-0.8,-0.1,1.5,1.2000000000000002,0.9
36,-3.3496894409937887,-3.49275362318841,3.937474120082814,-0.5,-2.8,2.8,18.0,8.0,29.2,-20.4,-28.3,-9.8,38.4,36.3,39.0,1,36,-0.0706004140786749,-0.086335403726708,-0.0463768115942029,0.0,-0.0,0.0,4.4,4.6,2.3,-5.1,-5.3,-6.5,9.5,9.9,8.8,36,-0.337966804979253,0.0807053941908716,0.3358921161825732,-0.5,-0.0,0.3,0.3,0.6,0.7,-0.6,-0.4,0.0,0.8999999999999999,1.0,0.7
37,-3.9657620041753545,-0.3417536534446754,3.187682672233823,-1.9,-2.0,1.4,34.5,31.6,25.9,-32.2,-17.4,-19.4,66.7,49.0,45.3,1,37,0.0154488517745303,-0.2935281837160752,0.0509394572025052,-0.0,-0.0,0.0,8.4,5.1,3.9,-7.5,-6.0,-5.4,15.9,11.1,9.3,37,0.139039665970772,0.1375782881002095,-0.7365344467640909,0.0,0.2,-0.7,0.7,0.4,-0.3,-0.8,-0.3,-1.0,1.5,0.7,0.7
38,-3.460309278350517,0.4649484536082486,-2.6059278350515456,-1.55,0.55,-1.7,28.1,39.0,33.4,-38.9,-17.4,-38.9,67.0,56.4,72.3,1,38,-0.168041237113402,-0.1708762886597938,-0.1579896907216494,0.0,0.0,-0.1,14.0,5.0,7.4,-14.0,-12.7,-8.0,28.0,17.7,15.4,38,0.084155844155844,-0.1976623376623378,0.3924675324675332,0.1,-0.1,0.4,0.9,0.4,0.7,-0.7,-0.9,-0.2,1.6,1.3,0.8999999999999999
39,2.5213068181818232,0.9156250000000002,3.859374999999997,-0.6,0.9,3.45,39.2,25.5,35.4,-38.2,-32.5,-39.2,77.4,58.0,74.6,1,39,-0.0048295454545455,0.2928977272727274,0.0369318181818179,-0.1,-0.0,0.1,8.1,6.7,8.1,-6.9,-2.4,-5.8,15.0,9.1,13.9,39,-0.0735042735042736,0.0478632478632477,-0.231623931623932,-0.2,0.1,-0.4,0.6,0.5,0.3,-0.6,-0.6,-0.7,1.2,1.1,1.0
40,-3.1120098039215693,0.3541666666666665,-2.717892156862744,0.6,1.8,-6.45,36.3,38.9,31.3,-38.9,-34.6,-34.9,75.19999999999999,73.5,66.2,1,40,-0.0159313725490195,-0.2041666666666668,0.0708333333333334,0.0,0.0,0.0,25.0,3.1,11.1,-13.7,-12.6,-11.3,38.7,15.7,22.4,40,0.2351351351351348,0.1461916461916464,0.4800982800982762,0.8,0.2,0.6,0.9,0.6,1.0,-0.6,-0.4,0.1,1.5,1.0,0.9
41,-3.160975609756076,-2.3646341463414657,4.7373170731707335,-2.4,-2.3,4.8,39.2,28.3,39.2,-38.8,-24.2,-39.1,78.0,52.5,78.30000000000001,1,41,-0.0063414634146341,-0.0831707317073172,0.0176829268292681,0.0,0.0,0.0,9.9,2.1,3.3,-4.2,-14.2,-11.3,14.1,16.3,14.6,41,-0.2301219512195086,0.105731707317076,0.3129268292682939,-0.2,0.1,0.4,0.3,0.6,0.5,-0.5,-0.4,-0.3,0.8,1.0,0.8
42,-4.272760511883001,-2.994149908592325,6.061608775137121,-3.3,-3.1,6.9,33.6,17.2,38.9,-38.8,-27.2,-24.7,72.4,44.4,63.6,1,42,-0.0868372943327239,-0.0542961608775137,0.0680073126142596,0.0,-0.0,0.0,6.1,6.3,4.1,-5.3,-9.6,-6.3,11.4,15.9,10.4,42,0.2277879341864718,-0.2517367458866537,-0.086106032906764,0.2,-0.3,-0.0,0.5,0.1,0.5,-0.1,-0.7,-0.5,0.6,0.7999999999999999,1.0
43,-1.785195530726259,-4.46578212290503,2.6191340782122863,0.1,-4.05,2.25,27.7,16.1,39.2,-38.9,-37.8,-28.7,66.6,53.9,67.9,1,43,-0.0634078212290501,-0.0392458100558659,0.0125698324022345,-0.0,0.0,0.0,17.4,3.1,7.3,-8.8,-6.4,-4.5,26.2,9.5,11.8,43,-0.2200280112044824,0.3904761904761897,-0.4162464985994432,-0.3,0.4,-0.4,0.3,0.8,0.2,-0.7,-0.3,-0.8,1.0,1.1,1.0
44,-4.963607594936713,-3.4123417721519,4.43607594936709,-3.25,-3.7,6.25,33.5,19.1,38.6,-38.7,-38.6,-27.2,72.2,57.7,65.8,1,44,-0.0838607594936709,-0.0832278481012658,0.0626582278481012,0.0,0.0,0.0,8.1,3.5,4.7,-8.5,-11.3,-5.3,16.6,14.8,10.0,44,-0.2575949367088589,-0.3091772151898725,0.8272151898734175,-0.2,-0.3,0.9,-0.0,0.2,1.0,-0.6,-0.6,0.4,0.6,0.8,0.6
45,-3.852368421052633,-2.307894736842106,5.908157894736843,-2.45,-1.3,7.2,38.7,21.7,39.2,-38.8,-20.6,-22.6,77.5,42.3,61.8,1,45,-0.0857894736842102,0.0421052631578947,-0.0626315789473684,-0.1,0.0,0.0,9.1,8.7,9.7,-5.8,-12.2,-5.2,14.9,20.9,14.9,45,0.0018421052631578,0.2797368421052632,-0.5560526315789452,0.0,0.3,-0.6,0.4,0.8,-0.0,-0.3,-0.1,-0.8,0.7,0.9,0.8
46,-3.2101910828025284,-4.173885350318486,6.038428874734615,-0.1,-3.9,8.9,19.9,24.7,18.1,-38.7,-25.3,-13.1,58.6,50.0,31.200000000000003,1,46,-0.0938428874734607,-0.0707006369426751,0.0639065817409766,-0.0,-0.0,0.0,9.6,2.1,5.0,-7.5,-4.4,-6.8,17.1,6.5,11.8,46,0.2560509554140102,0.2539278131634829,-0.8140127388534983,0.1,0.2,-0.9,0.7,0.5,-0.6,-0.1,-0.2,-0.9,0.7999999999999999,0.7,0.3
47,-2.5738434163701127,-2.8898576512455536,6.178825622775805,0.55,-3.7,6.8,23.4,35.0,39.2,-38.7,-39.2,-17.1,62.1,74.2,56.3,1,47,-0.0096256684491979,0.0467023172905525,-0.0188948306595365,0.0,-0.0,0.0,5.1,10.3,7.2,-8.8,-6.0,-6.0,13.9,16.3,13.2,47,-0.0333333333333325,-0.2627450980392199,0.839750445632796,0.1,-0.4,0.9,0.2,0.2,1.0,-0.5,-0.6,0.2,0.7,0.8,0.8
48,-4.180288461538453,-2.4165865384615484,6.7353365384615485,-1.8,-3.6,8.8,36.9,10.3,39.1,-38.8,-23.9,-25.4,75.69999999999999,34.2,64.5,1,48,-0.0762019230769231,-0.0507211538461538,0.0437499999999999,0.0,0.0,0.0,5.2,4.0,3.7,-7.4,-3.9,-3.2,12.6,7.9,6.9,48,-0.0165865384615384,0.2877403846153863,-0.4112980769230789,-0.1,0.2,-0.4,0.4,0.6,0.2,-0.1,-0.1,-0.8,0.5,0.7,1.0
49,-3.9020700636942474,0.3947452229299357,-0.4076433121019073,-1.35,0.6499999999999999,-0.5,16.9,39.0,30.9,-38.8,-31.7,-39.1,55.7,70.7,70.0,1,49,-0.1510333863275041,-0.0376788553259141,0.0225755166931636,0.0,0.0,-0.0,7.0,3.8,5.3,-12.2,-4.6,-8.6,19.2,8.399999999999999,13.9,49,0.3238473767885573,-0.3496025437201914,-0.298251192368836,0.3,-0.2,-0.2,0.7,0.1,0.2,-0.4,-0.9,-0.9,1.1,1.0,1.1
50,-3.65684007707129,-3.2599229287090545,5.672061657032756,-1.0,-2.5,7.1,10.0,17.5,36.2,-37.2,-37.6,-13.1,47.2,55.1,49.3,1,50,-0.0815028901734103,-0.0221579961464354,0.0362235067437379,-0.0,0.0,-0.0,4.9,3.1,3.7,-6.0,-6.6,-4.4,10.9,9.7,8.100000000000001,50,-0.3032755298651255,0.1421965317919087,0.2352601156069366,-0.3,-0.0,0.2,0.1,0.6,0.5,-0.6,-0.1,-0.1,0.7,0.7,0.6
51,-4.383257918552038,1.3470588235294116,-1.6138009049773725,-2.3,2.9,0.05,29.4,39.0,39.2,-38.7,-29.5,-32.0,68.1,68.5,71.2,1,51,-0.2002262443438912,-0.2341628959276018,0.1276018099547514,0.0,0.0,0.0,18.6,3.7,8.5,-8.7,-7.0,-6.6,27.3,10.7,15.1,51,0.5158371040724008,-0.1515837104072397,-0.4766968325791834,0.6,-0.3,-0.6,0.9,0.4,-0.1,-0.3,-0.6,-1.0,1.2,1.0,0.9
52,-4.209523809523807,0.2326530612244894,4.158843537414964,-0.95,-1.55,4.7,13.7,38.9,39.2,-38.8,-33.2,-8.1,52.5,72.1,47.3,1,52,-0.0772108843537416,-0.0690476190476191,-0.0649659863945578,-0.0,0.0,-0.0,5.5,4.7,5.0,-12.4,-10.1,-9.0,17.9,14.8,14.0,52,0.1976190476190463,-0.1013605442176871,-0.5608843537414957,0.2,-0.1,-0.6,0.7,0.2,-0.2,-0.4,-0.6,-0.7,1.1,0.8,0.4999999999999999
53,2.2631944444444394,-2.72847222222222,7.062037037037036,1.2,-2.9,8.850000000000001,39.2,36.6,32.1,-39.0,-16.5,-29.8,78.2,53.1,61.900000000000006,1,53,-0.2162037037037038,0.0064814814814814,0.284722222222222,0.0,0.0,-0.0,11.7,7.3,6.4,-7.2,-6.3,-5.0,18.9,13.6,11.4,53,0.2627314814814822,0.0208333333333333,0.1291666666666675,0.2,-0.0,0.4,0.6,0.4,0.6,-0.1,-0.2,-1.0,0.7,0.6000000000000001,1.6
54,-3.566602316602315,-1.6637065637065676,-1.7092664092664158,-1.2,-1.6,-0.55,39.2,29.6,30.9,-38.9,-39.0,-36.9,78.1,68.6,67.8,1,54,0.0839768339768339,0.2104247104247104,-0.1488416988416988,0.0,0.0,0.0,11.3,8.8,7.3,-12.1,-7.9,-8.2,23.4,16.700000000000003,15.5,54,-0.5920849420849409,-0.1718146718146723,0.3046332046332033,-0.6,-0.2,0.1,0.2,0.2,1.0,-1.0,-0.4,-0.7,1.2,0.6000000000000001,1.7
55,-4.561096256684466,-1.1259358288770027,-0.1327540106951903,-2.3,-1.5,1.6,36.1,35.2,30.5,-38.6,-22.1,-39.1,74.7,57.3,69.6,1,55,-0.0749665327978578,0.0164658634538152,0.0336010709504684,-0.0,-0.0,-0.0,7.7,3.8,3.5,-5.1,-6.3,-8.7,12.8,10.1,12.2,55,-0.1762032085561478,0.5572192513369002,0.1021390374331577,-0.1,0.5,-0.05,0.2,1.0,0.6,-0.5,0.0,-0.2,0.7,1.0,0.8
56,-1.6802761341222865,-2.7564102564102555,-0.2577909270216947,1.2,-2.4,-2.2,15.2,16.7,39.2,-29.0,-39.2,-39.0,44.2,55.900000000000006,78.2,1,56,-0.0214990138067061,-0.1147928994082839,-0.0798816568047334,0.0,0.0,0.0,9.3,2.3,3.3,-12.1,-5.9,-9.6,21.4,8.2,12.9,56,0.2299802761341228,-0.2406311637080888,0.5459566074950705,0.5,-0.5,0.5,0.8,0.7,1.0,-0.4,-0.5,0.0,1.2000000000000002,1.2,1.0
57,0.3198391420911535,2.4372654155495987,0.472922252010723,2.0,1.3,1.9,39.2,28.6,10.1,-38.8,-17.1,-28.0,78.0,45.7,38.1,1,57,-0.030563002680965,-0.2243967828418232,-0.0855227882037534,0.1,-0.0,-0.1,9.3,7.2,10.3,-15.6,-16.1,-12.5,24.9,23.3,22.8,57,0.223324396782842,-0.1002680965147454,0.4474530831099208,0.3,0.0,0.5,0.9,0.3,0.8,-0.6,-0.7,0.0,1.5,1.0,0.8
58,-2.4261111111111067,-4.244166666666668,2.7850000000000006,0.2,-2.9,2.45,26.5,6.2,26.3,-15.1,-39.2,-7.1,41.6,45.400000000000006,33.4,1,58,-0.0941666666666667,0.0444444444444444,-0.1661111111111113,0.0,0.0,0.0,8.3,1.9,4.7,-9.4,-4.6,-8.3,17.700000000000003,6.5,13.0,58,0.4008333333333331,-0.1344444444444453,-0.0277777777777776,0.5,0.0,-0.0,0.8,0.4,0.4,-0.2,-0.6,-0.4,1.0,1.0,0.8
59,-2.5862068965517246,0.2363984674329492,3.4927203065134096,-1.8,-1.0,5.3,32.3,17.3,39.2,-38.7,-39.2,-22.0,71.0,56.5,61.2,1,59,-0.0038314176245211,-0.3172413793103449,-0.1494252873563219,0.1,0.0,0.0,7.3,6.1,6.7,-7.1,-12.3,-7.6,14.4,18.4,14.3,59,0.0488549618320609,0.0706106870229007,0.4770992366412208,-0.2,0.1,0.5,0.9,0.3,0.9,-0.5,-0.3,0.1,1.4,0.6,0.8
60,-3.022161172161154,-5.234432234432219,-2.191575091575093,-1.2,-6.25,-3.9,11.9,10.6,17.2,-15.2,-29.5,-39.2,27.1,40.1,56.400000000000006,1,60,-0.1069469835466179,-0.1548446069469836,-0.0747714808043873,0.0,0.0,0.0,7.5,3.7,4.1,-20.0,-9.5,-9.3,27.5,13.2,13.4,60,0.374999999999998,0.1102941176470589,-0.1128676470588227,0.5,0.6,-0.1,0.7,0.8,0.6,-0.6,-0.6,-0.4,1.2999999999999998,1.4,1.0
61,-0.9337474120082854,-1.7136645962732926,3.1623188405797067,1.0,-1.9,3.6,39.2,15.5,39.2,-27.5,-23.6,-22.4,66.7,39.1,61.6,1,61,0.0697722567287785,-0.1890269151138717,0.0904761904761906,0.0,0.0,-0.0,5.5,3.9,5.4,-8.7,-6.2,-3.6,14.2,10.1,9.0,61,0.0141350210970455,-0.0744725738396623,0.4198312236286894,-0.2,-0.3,0.4,0.8,0.6,0.7,-0.5,-0.5,-0.2,1.3,1.1,0.8999999999999999
62,-1.3224431818181863,-5.145454545454547,5.611363636363633,0.8,-4.55,5.2,39.2,8.1,31.7,-19.0,-27.9,-10.6,58.2,36.0,42.3,1,62,-0.1267045454545454,-0.0948863636363635,0.0835227272727272,0.0,0.0,0.0,5.2,1.9,4.5,-6.8,-5.8,-4.1,12.0,7.699999999999999,8.6,62,-0.2585227272727271,-0.1593749999999999,0.6511363636363638,-0.2,-0.3,0.7,0.1,0.4,0.8,-0.6,-0.5,0.2,0.7,0.9,0.6000000000000001
63,-1.9138075313807557,-4.0292887029288655,0.4361924686192469,0.7,-3.95,0.2,39.2,12.3,26.2,-25.1,-39.2,-19.6,64.30000000000001,51.5,45.8,1,63,-0.0131524008350731,-0.0430062630480166,-0.1501043841336118,-0.0,0.0,-0.0,5.1,5.0,7.7,-6.5,-6.1,-5.9,11.6,11.1,13.6,63,0.1610878661087861,-0.3361924686192442,0.6131799163179892,0.3,-0.6,0.6,0.6,0.8,1.0,-0.5,-0.7,0.2,1.1,1.5,0.8
64,-0.6247023809523827,-0.6994047619047628,3.8732142857142846,1.5,-1.0,3.0,38.5,30.3,27.4,-18.7,-33.2,-7.3,57.2,63.5,34.7,1,64,0.1083333333333332,-0.1857142857142857,-0.1559523809523809,0.1,0.0,-0.1,9.2,4.0,14.6,-7.1,-5.8,-6.6,16.299999999999997,9.8,21.2,64,-0.0916666666666667,0.1461309523809519,-0.7654761904761916,-0.2,0.2,-0.8,0.5,0.7,-0.4,-0.5,-0.7,-1.0,1.0,1.4,0.6
65,-2.689080459770114,0.0112068965517244,4.319252873563221,-0.3,-1.15,2.9000000000000004,23.6,13.3,25.5,-38.7,-19.9,-9.7,62.3,33.2,35.2,1,65,0.0258620689655174,-0.2617816091954023,-0.067528735632184,0.0,0.0,-0.0,13.2,3.4,4.1,-6.8,-6.1,-10.4,20.0,9.5,14.5,65,-0.0982758620689659,0.1031609195402299,-0.1698275862068964,-0.1,0.0,-0.3,0.4,0.7,0.4,-0.4,-0.8,-0.8,0.8,1.5,1.2000000000000002
66,0.7819391634980948,3.7285171102661625,-3.677756653992396,0.95,4.9,-6.6,25.6,10.6,28.3,-27.6,-15.9,-30.7,53.2,26.5,59.0,1,66,-0.2019011406844107,-0.0273764258555133,-0.109505703422053,0.0,0.0,0.0,8.0,4.3,2.5,-8.0,-11.0,-5.7,16.0,15.3,8.2,66,0.2846007604562723,0.4771863117870744,0.4013307984790905,0.2,0.7,0.4,0.9,0.9,1.0,-0.4,-0.6,0.1,1.3,1.5,0.9
67,-2.4900000000000047,4.267692307692307,4.03269230769231,-1.8,7.800000000000001,2.75,3.3,19.2,20.8,-24.2,-7.4,-14.6,27.5,26.6,35.4,1,67,0.1065384615384615,0.1596153846153846,0.1765384615384615,0.0,-0.0,0.1,5.7,3.5,3.1,-6.0,-1.4,-1.3,11.7,4.9,4.4,67,0.33,-0.2084615384615383,-0.7749999999999976,0.5,-0.35,-0.7,0.6,0.3,-0.5,0.0,-0.6,-1.0,0.6,0.8999999999999999,0.5
68,-3.2058365758754834,1.7054474708171212,-3.3455252918287948,-0.6,3.0,-4.9,36.1,17.9,28.6,-39.0,-31.9,-39.1,75.1,49.8,67.7,1,68,0.0552529182879376,-0.2774319066147864,-0.0599221789883267,-0.1,0.1,0.0,8.5,17.3,4.6,-10.6,-21.1,-10.2,19.1,38.400000000000006,14.8,68,-0.2863813229571991,0.3268482490272382,0.0957198443579765,-0.4,0.7,0.1,0.3,1.0,0.6,-0.7,-0.7,-0.4,1.0,1.7,1.0
69,-1.633182503770731,1.0764705882352932,4.127752639517351,0.8,0.2,1.8,17.6,9.6,32.5,-22.1,-39.2,-2.4,39.7,48.8,34.9,1,69,-0.0022624434389142,-0.1111613876319757,0.0619909502262444,0.1,0.0,-0.0,4.9,6.1,5.3,-7.5,-4.5,-4.0,12.4,10.6,9.3,69,-0.0966565349544076,-0.0007598784194537,0.7778115501519685,0.0,0.0,0.7,0.4,0.6,1.0,-0.6,-0.6,0.4,1.0,1.2,0.6
70,-3.9753532182103593,-1.965777080062797,0.9781789638932524,-3.7,-1.7,4.8,3.6,9.8,15.7,-37.8,-15.0,-38.6,41.4,24.8,54.3,1,70,-0.1593406593406594,-0.0588697017268446,0.0251177394034536,-0.0,0.0,0.0,9.8,4.4,7.2,-6.7,-5.0,-6.7,16.5,9.4,13.9,70,-0.1835423197492156,0.5241379310344838,-0.1065830721003145,-0.2,0.4,-0.2,0.2,1.0,0.6,-0.5,0.0,-0.6,0.7,1.0,1.2
71,-2.678316326530612,-1.3676020408163256,7.633163265306129,-0.95,-2.6,7.9,20.9,30.8,39.2,-38.5,-36.9,-36.2,59.4,67.7,75.4,1,71,0.0385204081632652,0.0176020408163266,0.0553571428571428,0.0,0.1,-0.0,7.8,6.9,3.7,-4.6,-7.5,-2.5,12.4,14.4,6.2,71,-0.0364795918367346,-0.1591836734693885,0.5941326530612252,0.0,-0.1,0.5,0.3,0.2,0.9,-0.5,-0.7,0.3,0.8,0.8999999999999999,0.6000000000000001
72,-3.22153846153847,0.3065934065934032,-1.2417582417582422,-2.8,-0.6,-1.0,11.8,20.8,19.6,-38.8,-26.5,-39.1,50.6,47.3,58.7,1,72,-0.211208791208791,0.0485714285714285,0.2028571428571428,-0.1,-0.0,0.0,6.1,9.4,6.4,-8.8,-2.8,-1.6,14.9,12.2,8.0,72,-0.5995604395604384,-0.1672527472527466,0.4947252747252756,-0.7,-0.3,0.4,-0.1,0.3,1.0,-1.0,-0.6,0.1,0.9,0.8999999999999999,0.9
73,-2.01565934065934,-4.830769230769231,6.312362637362634,-1.0,-4.9,5.7,15.9,7.9,27.6,-33.8,-17.7,-8.5,49.7,25.6,36.1,1,73,-0.018131868131868,0.0425824175824175,-0.1403846153846153,0.0,0.0,0.0,11.3,4.9,4.8,-6.7,-6.9,-6.9,18.0,11.8,11.7,73,-0.1140109890109893,0.2925824175824186,-0.692307692307689,-0.2,0.4,-0.7,0.2,0.6,-0.5,-0.4,-0.2,-0.9,0.6000000000000001,0.8,0.4
74,-4.73075471698112,-0.0135849056603799,5.783584905660373,-5.15,1.7,6.8,13.0,37.4,35.2,-18.6,-22.0,-10.4,31.6,59.4,45.6,1,74,-0.0918867924528301,-0.0128301886792452,0.169811320754717,0.0,-0.0,0.0,7.5,3.0,8.0,-8.4,-4.4,-5.3,15.9,7.4,13.3,74,-0.3810606060606093,-0.0623106060606064,0.6795454545454572,-0.4,-0.1,0.7,0.1,0.5,0.9,-0.8,-0.4,0.3,0.9,0.9,0.6000000000000001
75,-3.4214876033057715,-2.035330578512392,6.997727272727293,-2.9,-3.7,7.55,17.9,37.1,39.2,-38.8,-39.2,-31.4,56.7,76.30000000000001,70.6,1,75,-0.0157024793388429,0.0533057851239669,0.137809917355372,0.0,0.0,0.0,8.9,6.3,3.6,-7.6,-5.5,-3.3,16.5,11.8,6.9,75,0.1799578059071729,0.1795358649789041,-0.8651898734177174,0.1,0.2,-0.9,0.7,0.3,-0.4,-0.1,-0.2,-1.0,0.7999999999999999,0.5,0.6
76,-1.9723300970873776,-5.945145631067962,-1.0050970873786411,-0.5,-6.1,0.3,7.0,10.3,16.8,-21.7,-25.9,-37.5,28.7,36.2,54.3,1,76,0.0844660194174755,0.228640776699029,-0.0228155339805825,0.0,0.0,0.0,9.6,7.1,2.4,-10.1,-2.4,-4.9,19.7,9.5,7.300000000000001,76,-0.3747572815533959,-0.5711165048543665,0.5019417475728182,-0.4,-0.6,0.5,-0.1,-0.1,0.9,-0.6,-0.8,0.1,0.5,0.7000000000000001,0.8
77,-2.058544303797461,-6.888132911392376,3.1481012658227923,-1.1,-8.75,3.35,10.3,27.3,29.8,-35.1,-16.5,-22.8,45.400000000000006,43.8,52.6,1,77,-0.0450949367088608,0.0186708860759494,0.0281645569620253,0.0,0.0,0.0,4.3,2.3,5.6,-7.4,-3.1,-5.1,11.7,5.4,10.7,77,-0.4795886075949311,-0.0493670886075947,0.2409810126582265,-0.6,-0.1,0.3,0.2,0.3,0.5,-0.7,-0.2,0.0,0.8999999999999999,0.5,0.5
78,-2.2443531827515275,-5.874948665297765,3.789322381930184,-0.7,-7.2,2.6,31.4,20.2,32.9,-38.9,-39.2,-34.4,70.3,59.400000000000006,67.3,1,78,-0.048971193415638,-0.0148148148148146,-0.0135802469135801,0.0,0.0,-0.0,6.5,11.0,9.4,-7.2,-10.7,-6.1,13.7,21.7,15.5,78,0.407201646090536,0.0711934156378603,-0.3993827160493828,0.5,0.1,-0.4,0.8,0.4,-0.1,-0.1,-0.3,-0.5,0.9,0.7,0.4
79,-2.9171548117154757,3.62803347280335,-0.4841004184100467,-1.0,5.9,0.8,23.3,37.3,9.5,-13.5,-11.6,-16.2,36.8,48.9,25.7,1,79,-0.0836477987421386,-0.2591194968553457,0.1111111111111111,0.0,-0.0,-0.0,14.8,2.1,6.6,-8.8,-3.7,-6.1,23.6,5.800000000000001,12.7,79,0.4008368200836862,-0.1479079497907948,-0.4868200836820049,0.5,-0.4,-0.7,0.9,0.6,-0.1,-0.3,-0.5,-1.0,1.2,1.1,0.9
80,-5.621904761904765,0.8980952380952398,3.693571428571431,-6.2,-1.8,3.7,14.3,38.9,12.9,-19.1,-7.3,-19.9,33.400000000000006,46.2,32.8,1,80,-0.2030952380952385,-0.0347619047619044,0.1183333333333333,-0.1,0.1,-0.0,6.0,1.8,8.8,-5.0,-6.5,-6.7,11.0,8.3,15.5,80,-0.4107142857142841,0.2938095238095236,0.5295238095238092,-0.4,0.2,0.4,0.1,0.6,0.9,-0.8,0.0,0.2,0.9,0.6,0.7
81,0.541277641277641,-7.0739557739557775,1.8351351351351337,-0.2,-7.4,5.0,37.9,32.2,14.6,-19.9,-39.2,-37.2,57.8,71.4,51.8,1,81,-0.0664215686274507,-0.004656862745098,0.0171568627450981,0.0,0.0,0.0,10.9,3.7,3.4,-8.4,-5.3,-6.0,19.3,9.0,9.4,81,-0.5533169533169574,-0.0034398034398034,0.0538083538083537,-0.5,-0.0,-0.0,-0.0,0.3,0.5,-0.9,-0.3,-0.1,0.9,0.6,0.6
82,0.506160164271049,-0.4359342915811022,-3.073305954825468,0.1,-2.3,-1.0,15.5,38.9,39.2,-15.0,-39.2,-39.1,30.5,78.1,78.30000000000001,1,82,-0.1739219712525669,0.1324435318275155,-0.1632443531827515,0.0,0.0,0.0,8.6,5.0,3.1,-26.7,-9.3,-5.7,35.3,14.3,8.8,82,-0.0775720164609042,-0.6065843621399173,0.2804526748971169,-0.3,-0.5,0.1,0.6,0.1,1.0,-0.6,-1.0,-0.1,1.2,1.1,1.1
83,-2.642857142857145,-4.619973544973551,0.9035714285714362,-1.4,-5.35,4.7,17.3,16.0,27.7,-38.8,-39.2,-30.8,56.1,55.2,58.5,1,83,-0.0002645502645502,0.0297619047619047,0.0026455026455027,0.0,0.0,0.0,10.5,8.1,7.5,-12.1,-8.7,-7.6,22.6,16.799999999999997,15.1,83,-0.5592592592592581,0.0529100529100531,0.1878306878306881,-0.5,0.1,0.1,0.2,0.3,0.4,-1.0,-0.1,-0.2,1.2,0.4,0.6000000000000001
84,1.452261306532665,-1.859798994974872,7.358123953098843,0.1,-2.7,7.9,39.2,39.0,39.2,-19.1,-39.2,-8.2,58.3,78.2,47.400000000000006,1,84,0.0691792294807372,-0.052931323283082,-0.023785594639866,-0.0,-0.0,0.0,6.9,5.2,4.6,-18.9,-3.9,-3.7,25.8,9.1,8.3,84,0.0533444816053508,-0.1289297658862893,0.9113712374581876,0.2,-0.2,0.9,0.4,0.6,1.0,-0.2,-0.4,0.7,0.6000000000000001,1.0,0.3
85,-0.1171084337349392,2.706746987951799,-1.9898795180722924,0.0,3.9,-6.6,39.2,13.5,9.5,-26.1,-39.2,-39.1,65.30000000000001,52.7,48.6,1,85,-0.0024038461538461,-0.173798076923077,-0.0918269230769231,0.0,0.0,-0.0,11.1,7.4,12.3,-12.4,-17.7,-6.7,23.5,25.1,19.0,85,-0.536385542168674,0.3202409638554219,-0.0573493975903613,-0.6,0.2,-0.1,0.0,0.9,0.1,-1.0,0.0,-0.5,1.0,0.9,0.6
86,1.5016129032258063,-1.8631720430107517,5.800268817204304,4.1,-3.25,5.55,36.3,24.3,39.2,-21.2,-34.7,-24.4,57.5,59.0,63.6,1,86,0.0764075067024129,-0.1522788203753349,0.0050938337801608,0.1,0.0,0.0,9.6,9.0,6.6,-15.5,-4.0,-2.1,25.1,13.0,8.7,86,0.1145161290322586,0.0870967741935479,0.1029569892473125,0.2,0.2,0.1,0.7,0.4,0.2,-0.4,-0.4,0.0,1.1,0.8,0.2
87,0.7762987012987008,2.3068181818181834,2.702922077922079,2.7,1.7,4.800000000000001,39.2,38.8,39.2,-38.8,-39.2,-34.2,78.0,78.0,73.4,1,87,0.0548701298701299,-0.1724025974025975,-0.1360389610389611,0.1,-0.1,0.0,9.2,25.2,9.6,-9.7,-15.8,-16.1,18.9,41.0,25.700000000000003,87,0.2506493506493503,-0.0058441558441559,0.5279220779220777,0.1,0.0,0.6,0.8,0.4,0.9,-0.3,-0.6,0.2,1.1,1.0,0.7
88,-1.953442028985508,-4.024999999999983,-0.913768115942033,0.5,-3.8,-6.7,39.2,24.3,9.7,-24.5,-26.0,-39.1,63.7,50.3,48.8,1,88,0.0507246376811594,-0.1849637681159419,-0.1492753623188406,0.0,0.0,-0.0,12.1,8.4,4.5,-12.0,-20.4,-7.5,24.1,28.8,12.0,88,-0.3043478260869551,-0.2773550724637684,0.0476449275362316,-0.2,-0.7,0.0,0.7,0.3,0.3,-0.7,-0.9,-0.2,1.4,1.2,0.5
89,-1.1904458598726106,-1.3347133757961795,5.673407643312109,0.6,-2.2,7.6,39.2,38.9,38.5,-13.6,-21.3,-28.7,52.8,60.2,67.2,1,89,0.1397456279809221,-0.0812400635930046,0.0492845786963435,-0.0,-0.0,-0.0,7.6,6.8,4.7,-4.2,-5.2,-6.1,11.8,12.0,10.8,89,0.05087440381558,-0.0553259141494441,0.4017488076311616,-0.1,-0.1,0.2,0.9,0.3,0.8,-0.2,-0.7,-0.1,1.1,1.0,0.9
90,0.555043859649123,-2.896929824561403,7.476973684210531,3.5,-3.5,8.3,39.2,13.9,20.2,-18.6,-22.5,-4.3,57.8,36.4,24.5,1,90,0.0037037037037037,-0.0747276688453158,-0.0169934640522875,0.0,-0.0,0.0,6.6,4.7,4.1,-9.2,-4.4,-2.5,15.8,9.1,6.6,90,0.1212053571428566,0.1350446428571432,-0.5689732142857111,0.0,0.2,-0.6,0.4,0.6,-0.2,-0.2,-0.2,-0.6,0.6000000000000001,0.8,0.3999999999999999
91,-0.6987951807228914,-4.679518072289159,5.381927710843379,0.5,-6.6,5.9,38.8,13.4,35.7,-38.8,-28.0,-15.3,77.6,41.4,51.0,1,91,0.0831325301204819,-0.0691910499139413,-0.0795180722891567,0.0,-0.0,-0.0,4.4,4.6,4.0,-4.0,-5.4,-8.7,8.4,10.0,12.7,91,0.1487091222030991,-0.2182444061962158,0.7855421686747,0.2,-0.3,0.8,0.3,0.8,1.0,-0.3,-0.6,0.4,0.6,1.4,0.6
92,-0.5943204868154176,-1.976470588235292,6.641987829614622,1.0,-4.0,8.1,39.2,11.9,24.9,-9.5,-37.5,-7.9,48.7,49.4,32.8,1,92,0.0468559837728194,-0.0975659229208925,-0.1318458417849896,0.0,0.0,0.0,9.4,5.3,11.7,-5.9,-13.0,-3.4,15.3,18.3,15.1,92,-0.0894523326572009,0.0434077079107503,-0.7490872210953304,-0.2,0.1,-0.7,0.2,0.4,-0.5,-0.6,-0.8,-1.0,0.8,1.2000000000000002,0.5
93,-0.4923076923076909,-2.663461538461541,4.47275641025641,0.8,-3.9,4.75,31.8,15.6,39.2,-21.9,-35.4,-5.5,53.7,51.0,44.7,1,93,0.068269230769231,-0.1474358974358974,-0.0253205128205129,-0.0,0.0,-0.0,11.9,3.4,3.6,-5.2,-3.9,-4.6,17.1,7.3,8.2,93,-0.2269230769230764,-0.0237179487179488,-0.2144230769230769,-0.4,0.0,-0.2,0.4,0.5,0.3,-0.5,-0.6,-0.8,0.9,1.1,1.1
94,-0.0584239130434771,0.4828804347826089,-0.9076086956521732,0.7,1.1,-4.2,16.9,18.0,39.2,-18.5,-39.2,-39.1,35.4,57.2,78.30000000000001,1,94,0.0171195652173914,-0.292663043478261,-0.1888586956521737,-0.0,0.0,0.0,9.9,5.1,3.9,-8.2,-8.6,-7.6,18.1,13.7,11.5,94,0.3195652173913048,0.3078804347826088,0.4665760869565157,0.3,0.6,0.2,0.8,0.8,1.0,-0.2,-0.4,0.0,1.0,1.2000000000000002,1.0
95,-0.6213942307692306,-2.753124999999999,7.383173076923076,-0.5,-3.9,8.5,9.8,14.3,34.7,-20.6,-39.2,-10.2,30.4,53.5,44.900000000000006,1,95,0.0036057692307692,0.1675480769230769,0.1093749999999999,0.0,0.0,0.0,5.5,3.3,4.1,-3.8,-4.5,-3.2,9.3,7.8,7.3,95,-0.1129807692307691,-0.1317307692307702,0.8906249999999984,-0.1,-0.2,0.9,0.2,0.5,1.0,-0.7,-0.4,0.6,0.8999999999999999,0.9,0.4
96,0.3625282167042886,2.6191873589164776,7.648081264108357,0.0,4.1,8.4,18.6,38.0,39.2,-39.0,-39.2,-38.1,57.6,77.2,77.30000000000001,1,96,-0.0408577878103836,0.010609480812641,0.0099322799097065,-0.1,0.0,0.0,11.2,12.8,6.7,-6.5,-11.1,-7.9,17.7,23.9,14.6,96,0.1371621621621631,-0.1644144144144133,-0.3240990990990976,0.2,-0.1,-0.3,0.4,0.3,0.2,-0.4,-0.6,-0.6,0.8,0.8999999999999999,0.8
97,0.1889070146818906,-4.2694942903752136,4.418760195758544,1.3,-5.6,3.0,39.2,17.8,25.8,-20.5,-39.2,-11.8,59.7,57.0,37.6,1,97,0.0469820554649266,-0.1107667210440455,-0.0282218597063623,0.0,0.0,0.0,5.5,3.5,5.1,-3.5,-7.7,-4.9,9.0,11.2,10.0,97,0.200163132137031,-0.2287112561174557,0.8040783034257715,0.3,-0.4,0.8,0.6,0.6,1.0,-0.1,-0.5,0.7,0.7,1.1,0.3
98,1.4806748466257658,-5.1625766871165375,3.6791411042945006,1.9,-6.3,2.9,36.4,12.5,15.0,-32.1,-39.2,-15.3,68.5,51.7,30.3,1,98,-0.0713190184049082,0.0521472392638036,-0.1329754601226993,0.0,0.0,0.0,8.4,3.5,3.0,-7.9,-3.3,-7.0,16.3,6.8,10.0,98,0.2802147239263806,-0.3249999999999998,0.7101226993865043,0.4,-0.4,0.7,0.7,0.5,0.9,-0.1,-0.6,0.4,0.7999999999999999,1.1,0.5
99,-0.319093078758949,0.4570405727923634,-2.770167064439141,0.2,1.1,-8.3,20.5,38.9,39.2,-17.6,-35.2,-38.1,38.1,74.1,77.30000000000001,1,99,-0.2311904761904764,-0.0880952380952381,-0.2233333333333334,-0.1,0.0,-0.1,13.9,12.0,7.7,-21.6,-10.9,-15.4,35.5,22.9,23.1,99,-0.367857142857143,0.3964285714285732,-0.3373809523809538,-0.5,0.3,-0.1,0.3,1.0,0.2,-1.0,-0.1,-0.9,1.3,1.1,1.1
100,2.8861460957178835,-1.1526448362720385,-0.120654911838791,1.8,-0.5,2.0,32.8,25.8,13.7,-6.0,-39.2,-29.5,38.8,65.0,43.2,1,100,-0.1493702770780856,0.040050377833753,-0.2652392947103275,-0.0,0.0,-0.1,6.4,3.4,1.9,-14.8,-4.3,-4.5,21.200000000000003,7.699999999999999,6.4,100,0.1622166246851378,0.5166246851385385,-0.2337531486146103,0.3,0.6,-0.3,0.7,1.0,0.2,-0.2,-0.1,-0.6,0.8999999999999999,1.1,0.8
101,1.0467532467532472,-1.637337662337661,-0.1886363636363656,0.6,-1.7,-1.8,38.3,38.1,20.9,-18.5,-39.2,-39.0,56.8,77.30000000000001,59.9,1,101,-0.1652459016393443,-0.023606557377049,-0.2642622950819673,-0.1,0.1,-0.1,13.6,7.7,5.5,-8.9,-15.7,-8.2,22.5,23.4,13.7,101,-0.1612377850162867,0.4840390879478825,-0.5758957654723127,-0.3,0.5,-0.6,0.4,0.9,0.2,-0.6,-0.2,-1.0,1.0,1.1,1.2
102,-0.1021568627450908,-2.0050980392156883,-1.6974509803921538,0.6,-1.4,-2.8,36.8,23.1,16.9,-38.8,-39.0,-28.9,75.6,62.1,45.8,1,102,-0.0245247148288974,-0.1275665399239544,-0.1946768060836502,-0.0,0.0,0.0,7.3,1.5,4.3,-12.3,-8.3,-5.1,19.6,9.8,9.4,102,-0.511428571428572,-0.2500952380952386,0.1750476190476196,-0.5,-0.4,-0.0,0.4,0.2,0.5,-0.9,-0.7,-0.1,1.3,0.8999999999999999,0.6
103,0.325316455696205,-1.7904159132007398,-1.058227848101264,2.0,-2.4,-0.9,33.4,17.6,36.7,-16.0,-39.2,-39.1,49.4,56.8,75.80000000000001,1,103,-0.0776173285198556,-0.0097472924187725,-0.1707581227436823,0.0,0.0,0.0,8.1,3.3,4.0,-10.5,-5.6,-6.7,18.6,8.899999999999999,10.7,103,-0.1947558770343602,-0.451898734177216,0.4179023508137407,-0.3,-0.2,0.3,0.7,0.2,0.8,-0.5,-0.9,0.0,1.2,1.1,0.8
104,-0.3188144329896877,-3.364690721649488,-0.6087628865979393,1.6,-3.8,3.1,15.5,3.4,21.4,-8.8,-23.3,-17.7,24.3,26.7,39.1,1,104,-0.0231958762886597,-0.1270618556701031,-0.1216494845360825,0.0,0.0,0.0,4.4,1.6,2.7,-7.0,-4.9,-3.7,11.4,6.5,6.4,104,0.0827319587628858,0.6087628865979376,-0.4938144329896943,-0.0,0.6,-0.8,0.4,1.0,0.1,-0.1,0.0,-0.9,0.5,1.0,1.0
105,0.6217391304347819,-1.5778467908902667,-1.94575569358178,1.4,-2.7,-1.5,23.2,9.1,23.3,-38.9,-39.2,-19.3,62.1,48.3,42.6,1,105,-0.2259336099585056,0.0240663900414938,-0.062448132780083,0.0,0.0,0.0,10.2,4.4,2.4,-9.0,-5.0,-11.0,19.2,9.4,13.4,105,-0.6205394190871399,-0.0022821576763493,-0.2105809128630692,-0.6,-0.1,-0.2,0.2,0.5,-0.0,-1.0,-0.5,-0.6,1.2,1.0,0.6
106,0.2408352668213456,-0.9856148491879388,-1.4111368909512745,0.6,0.8,-6.4,39.2,27.4,39.2,-38.6,-39.2,-39.0,77.80000000000001,66.6,78.2,1,106,-0.1569444444444446,-0.1187499999999999,-0.2159722222222221,0.0,-0.0,-0.1,9.3,2.2,6.2,-9.3,-9.4,-11.2,18.6,11.6,17.4,106,0.5680555555555548,-0.0925925925925918,0.2506944444444436,0.7,-0.3,0.3,1.0,0.6,0.7,-0.1,-0.4,0.0,1.1,1.0,0.7
107,-1.4492957746478805,0.6915492957746487,-3.616619718309861,0.7,3.2,-1.3,28.7,15.9,13.5,-38.6,-22.2,-39.0,67.3,38.1,52.5,1,107,-0.2309859154929566,0.0639436619718309,-0.0698591549295775,-0.1,-0.0,0.0,6.0,3.5,5.3,-10.6,-3.4,-5.8,16.6,6.9,11.1,107,-0.4749295774647892,-0.4416901408450691,0.1033802816901399,-0.5,-0.7,-0.1,0.2,0.2,0.7,-0.8,-0.8,-0.3,1.0,1.0,1.0
108,-1.1623655913978497,-3.9989247311827967,1.3905913978494642,-1.0,-4.3,0.7,32.8,39.0,39.2,-23.6,-39.2,-34.1,56.4,78.2,73.30000000000001,1,108,-0.2537634408602149,-0.0838709677419354,0.057258064516129,-0.0,0.0,0.0,11.7,3.5,3.3,-17.4,-14.2,-4.7,29.1,17.7,8.0,108,-0.356182795698924,-0.1139784946236558,-0.106720430107526,-0.2,-0.0,-0.1,0.2,0.5,0.2,-0.8,-0.6,-0.6,1.0,1.1,0.8
109,-0.188440860215054,-7.083870967741937,-1.3172043010752683,-0.8,-7.3,-2.0,8.6,15.4,17.5,-18.9,-39.2,-39.1,27.5,54.6,56.6,1,109,-0.0860215053763441,-0.0126344086021505,-0.0405913978494623,0.0,0.0,0.0,11.4,2.6,4.8,-16.3,-7.2,-2.9,27.700000000000003,9.8,7.699999999999999,109,-0.2892473118279561,-0.6241935483870976,0.5663978494623672,-0.3,-0.6,0.6,0.2,-0.1,0.9,-0.7,-0.9,0.1,0.8999999999999999,0.8,0.8
110,2.5780082987551856,0.1346473029045645,-3.312655601659752,0.6,0.6,-5.2,36.5,25.1,29.7,-19.9,-39.2,-35.7,56.4,64.30000000000001,65.4,1,110,-0.2093360995850619,-0.0340248962655602,-0.1377593360995851,0.0,0.0,0.0,15.7,7.0,4.5,-14.3,-10.9,-7.3,30.0,17.9,11.8,110,-0.0047619047619044,-0.5966873706004162,0.1915113871635604,-0.3,-0.8,0.1,0.5,0.2,0.6,-0.4,-1.0,-0.2,0.9,1.2,0.8
111,1.2089552238805954,-4.687562189054723,-0.5270315091210623,2.2,-6.3,-2.1,37.7,36.5,15.1,-25.2,-36.1,-32.4,62.900000000000006,72.6,47.5,1,111,-0.1646766169154227,0.0139303482587064,-0.1076285240464344,0.0,0.0,0.0,10.2,4.6,2.5,-8.7,-9.2,-7.9,18.9,13.8,10.4,111,-0.5872305140961888,0.1601990049751241,-0.3747927031509121,-0.8,-0.0,-0.4,0.2,0.5,-0.1,-1.0,-0.1,-0.8,1.2,0.6,0.7000000000000001
112,-7.996555323590813,-3.5471816283924764,3.91148225469728,-8.4,-3.9,3.6,1.6,2.7,10.2,-13.6,-9.5,-0.4,15.2,12.2,10.6,0,112,0.3353862212943632,0.041544885177453,-0.1103340292275575,0.3,0.0,-0.1,6.1,2.1,3.2,-5.8,-1.9,-2.1,11.9,4.0,5.300000000000001,112,-0.0692066805845509,0.2501043841336128,-0.0253653444676407,-0.1,0.3,0.0,0.6,0.6,0.7,-0.6,-0.4,-0.9,1.2,1.0,1.6
113,-7.565095729013267,-2.544698085419737,2.587555228276876,-8.8,-3.2,1.2,7.3,4.9,10.8,-16.1,-10.4,-0.8,23.4,15.3,11.6,0,113,-0.2050810014727542,-0.0497054491899852,-0.005081001472754,-0.1,-0.1,0.0,3.6,4.4,2.0,-4.3,-1.6,-1.7,7.9,6.0,3.7,113,0.157184966838614,-0.3011053795136319,-0.1457627118644071,-0.0,-0.3,-0.3,0.7,0.6,1.0,-0.5,-0.7,-1.0,1.2,1.2999999999999998,2.0
114,-7.839440203562341,-2.890966921119595,1.9494910941475825,-8.6,-3.1,0.2,2.9,4.1,11.5,-15.6,-19.9,-4.4,18.5,24.0,15.9,0,114,0.2754452926208653,0.0810432569974553,-0.0839694656488549,0.3,0.1,-0.2,8.9,1.3,4.4,-4.9,-1.4,-3.4,13.8,2.7,7.800000000000001,114,0.3702290076335887,0.1045801526717545,-0.242366412213739,0.4,0.1,-0.4,0.8,0.7,0.9,-0.3,-0.5,-0.9,1.1,1.2,1.8
115,-8.333910386965371,-1.6509164969450107,1.6047861507128298,-8.8,-1.5,0.6,4.0,9.7,11.2,-28.0,-16.8,-9.9,32.0,26.5,21.1,0,115,0.1593082400813835,0.098270600203459,-0.046998982706002,-0.0,0.1,-0.1,10.3,8.2,5.1,-11.5,-3.7,-5.5,21.8,11.9,10.6,115,-0.3158859470468426,-0.3163951120162928,0.4689409368635406,-0.2,-0.3,0.4,0.2,0.2,0.8,-0.7,-0.7,0.0,0.8999999999999999,0.8999999999999999,0.8
116,-8.726012793176974,-3.816204690831548,1.3005330490405125,-9.1,-4.0,1.0,1.0,6.6,10.4,-15.8,-12.3,-5.7,16.8,18.9,16.1,0,116,0.3449893390191897,0.0860341151385926,-0.0308102345415778,0.1,0.1,-0.0,5.5,1.8,4.9,-7.1,-3.6,-2.7,12.6,5.4,7.6,116,-0.2879659211927565,0.0726304579339719,0.257401490947817,-0.5,0.1,0.4,0.6,0.8,0.9,-0.7,-0.5,-0.8,1.2999999999999998,1.3,1.7000000000000002
117,-9.901221166892816,-1.849389416553595,2.829850746268658,-10.2,-1.6,2.4,-1.0,5.1,10.7,-17.6,-8.1,-1.5,16.6,13.2,12.2,0,117,-0.3058495821727023,-0.0690807799442897,0.1442896935933145,-0.2,0.2,0.2,4.6,2.6,5.4,-4.7,-2.7,-3.5,9.3,5.300000000000001,8.9,117,-0.1697831978319786,0.2907859078590782,0.1375338753387527,-0.2,0.4,0.1,0.5,0.7,1.0,-0.7,-0.2,-0.9,1.2,0.8999999999999999,1.9
118,-8.952117647058827,-2.3736470588235266,3.130352941176471,-8.7,-2.3,2.6,-1.8,0.8,10.3,-18.0,-5.4,0.3,16.2,6.2,10.0,0,118,-0.2935294117647058,-0.0835294117647057,0.1243529411764706,-0.3,-0.1,-0.0,3.1,1.7,3.8,-4.6,-2.8,-2.5,7.699999999999999,4.5,6.3,118,0.3539999999999976,-0.1924705882352951,-0.3308235294117639,0.4,-0.2,-0.6499999999999999,0.7,0.3,0.7,-0.2,-0.6,-0.9,0.8999999999999999,0.8999999999999999,1.6
119,-8.631187122736417,-2.99758551307847,0.8664654594232049,-9.0,-3.2,0.6,2.6,10.5,10.4,-14.9,-16.8,-4.1,17.5,27.3,14.5,0,119,-0.2412474849094567,-0.0531857813547955,-0.0199865861837693,-0.2,-0.1,-0.1,15.1,3.8,3.4,-10.2,-1.4,-6.1,25.3,5.199999999999999,9.5,119,-0.2869215291750497,-0.2175720992622396,0.3644533869885958,-0.4,-0.2,0.5,0.7,0.4,0.8,-0.7,-0.7,-0.6,1.4,1.1,1.4
120,-8.072121212121218,-2.2204848484848485,1.9717575757575767,-8.6,-2.3,0.2,2.6,3.4,10.9,-17.7,-7.2,-2.4,20.3,10.6,13.3,0,120,0.3027878787878788,0.0704242424242424,-0.0227878787878786,0.2,-0.0,0.0,4.1,4.6,4.7,-3.6,-1.6,-2.5,7.699999999999999,6.199999999999999,7.2,120,-0.1280000000000002,0.3018181818181825,-0.0911515151515157,0.0,0.3,-0.2,0.7,0.7,0.7,-0.7,-0.2,-0.8,1.4,0.8999999999999999,1.5
121,-8.183999999999989,-3.1283636363636376,0.8035151515151523,-8.9,-3.4,0.1,1.2,4.6,10.5,-13.4,-11.2,-5.2,14.6,15.8,15.7,0,121,0.2962424242424242,0.1246060606060607,-0.0227878787878789,0.2,0.1,0.0,7.5,2.0,3.4,-6.0,-1.4,-3.3,13.5,3.4,6.699999999999999,121,0.3752727272727257,-0.0648484848484849,-0.2855757575757561,0.5,0.0,-0.5,0.7,0.6,1.0,-0.1,-0.8,-0.8,0.7999999999999999,1.4,1.8
122,-8.500409500409507,-3.128091728091727,0.9978705978705984,-9.1,-3.0,-0.2,-0.3,5.0,10.5,-16.7,-11.1,-2.7,16.4,16.1,13.2,0,122,0.1776412776412776,0.0419328419328419,-0.0236691236691237,0.1,0.1,-0.1,4.7,1.1,4.6,-3.3,-2.1,-3.0,8.0,3.2,7.6,122,0.3411138411138354,-0.2448812448812439,-0.1713349713349696,0.4,-0.1,-0.3,0.7,0.3,1.0,-0.3,-0.8,-0.7,1.0,1.1,1.7
123,6.533642384105963,-1.6140397350993378,4.353509933774834,7.8,-2.0,2.8,18.5,4.8,11.4,-5.9,-8.6,-2.2,24.4,13.4,13.6,0,123,-0.3661375661375656,0.1664021164021165,-0.1191798941798941,-0.2,0.1,-0.0,4.1,2.3,2.5,-5.8,-1.9,-4.0,9.9,4.199999999999999,6.5,123,0.2411920529801316,-0.0113907284768214,0.3716556291390736,0.2,0.1,0.5,0.6,0.6,0.8,-0.2,-0.7,-0.6,0.8,1.2999999999999998,1.4
124,-7.135714285714284,-1.7844720496894428,4.48850931677019,-8.3,-2.5,3.9,3.0,7.3,22.1,-17.2,-11.2,-0.9,20.2,18.5,23.0,0,124,0.3012422360248448,-0.0329192546583851,-0.2245341614906829,0.3,-0.0,-0.2,5.6,2.1,5.1,-8.1,-1.4,-4.6,13.7,3.5,9.7,124,0.3347826086956523,-0.0099378881987576,-0.3322981366459629,0.3,0.0,-0.6,0.7,0.7,0.9,-0.2,-0.8,-1.0,0.8999999999999999,1.5,1.9
125,-8.93534777651084,-2.0476624857468657,2.4044469783352342,-9.3,-2.3,2.0,-1.4,5.5,10.8,-14.1,-11.4,-2.2,12.7,16.9,13.0,0,125,0.2939635535307518,0.056150341685649,-0.071753986332574,0.25,0.0,0.1,5.4,1.8,2.3,-7.2,-2.5,-2.4,12.6,4.3,4.699999999999999,125,0.0892938496583136,-0.3279043280182213,0.0209567198177684,0.1,-0.3,0.0,0.7,0.3,0.8,-0.7,-0.7,-0.7,1.4,1.0,1.5
126,-3.575639464068212,-9.38623629719852,-0.6900121802679663,-5.2,-4.7,-0.7,17.6,15.1,21.3,-31.2,-39.2,-39.1,48.8,54.3,60.400000000000006,0,126,-0.0492082825822167,0.7504263093788061,-0.2130328867235077,-0.2,0.3,-0.3,11.5,6.9,8.8,-13.8,-6.1,-7.6,25.3,13.0,16.4,126,0.035897435897436,-0.0212454212454208,0.0040293040293042,0.0,-0.1,0.0,0.7,0.9,0.8,-0.8,-0.7,-0.8,1.5,1.6,1.6
127,-0.3042203985931999,-6.847948417350518,-1.4963657678780773,0.1,-2.4,-0.3,30.7,10.1,22.8,-25.9,-39.2,-39.2,56.6,49.3,62.0,0,127,-0.1627198124267289,-0.5117233294255572,-0.2051582649472451,0.1,-0.2,0.0,12.7,10.9,9.5,-9.7,-14.9,-7.0,22.4,25.8,16.5,127,0.032825322391559,-0.0354044548651816,-0.191207502930832,0.1,-0.0,-0.2,0.9,0.8,0.7,-0.9,-0.9,-1.0,1.8,1.7000000000000002,1.7
128,-5.164521193092625,-8.115070643642069,0.2897959183673471,-4.4,-2.3,0.1,12.5,10.5,19.8,-38.7,-39.2,-23.4,51.2,49.7,43.2,0,128,0.0271585557299844,0.8499215070643642,-0.3817896389324959,0.2,0.6,-0.4,6.2,5.3,7.6,-10.0,-2.9,-8.8,16.2,8.2,16.4,128,-0.0233908948194659,-0.0193092621664049,0.1709576138147568,-0.1,0.0,0.3,0.7,0.6,1.0,-0.6,-0.6,-0.8,1.2999999999999998,1.2,1.8
129,0.2279255319148936,-7.958244680851053,1.4525265957446811,0.4,-2.45,0.4,28.5,17.6,26.2,-24.6,-39.2,-24.6,53.1,56.8,50.8,0,129,-0.1059840425531915,0.5408244680851065,-0.3723404255319152,0.0,-0.0,-0.0,12.4,13.7,7.2,-10.8,-7.6,-9.9,23.200000000000003,21.3,17.1,129,0.1053191489361701,-0.0065159574468086,-0.0086436170212766,0.1,0.0,-0.05,0.7,0.7,0.9,-0.6,-0.7,-0.9,1.2999999999999998,1.4,1.8
130,0.1853526220614846,-5.990687160940324,2.195479204339961,0.5,-3.9,1.4,20.1,12.0,15.7,-19.2,-37.2,-10.6,39.3,49.2,26.3,0,130,-0.2492766726943942,0.4909584086799279,-0.2034358047016278,-0.1,0.1,0.0,7.8,3.9,4.8,-6.1,-4.6,-4.7,13.9,8.5,9.5,130,-0.1756340579710143,-0.0701992753623186,0.2865036231884053,-0.3,-0.2,0.6,0.7,0.6,0.9,-0.8,-0.7,-0.8,1.5,1.2999999999999998,1.7000000000000002
131,-8.882505910165479,-4.46264775413712,5.591962174940895,-7.0,-5.8,6.45,24.0,18.6,39.0,-38.7,-34.6,-14.1,62.7,53.2,53.1,0,131,-0.6660756501182036,-0.355910165484634,0.3421985815602831,-0.6,-0.7,0.2,9.1,10.6,10.5,-7.5,-7.5,-6.7,16.6,18.1,17.2,131,-0.0278846153846151,-0.0501201923076921,0.1518028846153842,-0.1,-0.1,0.3,0.6,0.6,1.0,-0.6,-0.7,-0.9,1.2,1.2999999999999998,1.9
132,-2.191510611735331,-6.958426966292134,6.165043695380776,-1.8,-3.1,5.9,13.4,9.8,26.7,-38.0,-39.2,-6.8,51.4,49.0,33.5,0,132,-0.1866416978776528,-0.5258426966292133,0.444694132334582,-0.3,-0.4,0.2,12.4,6.8,7.9,-6.2,-4.5,-4.7,18.6,11.3,12.6,132,0.0169787765293382,0.0305867665418227,-0.1830212234706619,-0.0,0.1,-0.4,0.5,0.5,0.9,-0.5,-0.5,-1.0,1.0,1.0,1.9
133,-0.1887649402390445,-9.702948207171312,-0.4581673306772903,-0.1,-6.0,-0.6,14.7,9.5,13.0,-23.7,-39.2,-20.4,38.4,48.7,33.4,0,133,-0.1474481658692184,-0.4258373205741624,0.0283094098883572,0.0,-0.5,0.0,9.1,5.9,7.7,-10.4,-5.7,-6.7,19.5,11.6,14.4,133,-0.0192185007974482,0.01347687400319,0.0338118022328558,-0.0,0.0,0.1,0.8,0.8,0.8,-0.8,-0.7,-0.8,1.6,1.5,1.6
134,0.6375973303670751,-5.916462736373751,4.987096774193554,1.3,-2.5,4.8,22.6,12.4,27.2,-30.2,-39.2,-15.7,52.8,51.6,42.9,0,134,0.1421579532814237,0.1264738598442712,-0.4860956618464954,0.0,0.0,-0.3,16.4,9.9,7.7,-9.1,-8.6,-10.4,25.5,18.5,18.1,134,0.0109010011123471,0.0185761957730814,0.1452725250278086,0.1,-0.0,0.3,0.7,0.6,1.0,-0.6,-0.6,-1.0,1.2999999999999998,1.2,2.0
135,-2.0738783649052808,-8.541674975074773,1.4685942173479547,-2.5,-6.1,0.8,10.0,7.3,9.3,-19.7,-39.2,-9.4,29.7,46.5,18.700000000000003,0,135,0.0439800995024877,0.5600000000000002,-0.1299502487562188,-0.0,0.2,0.0,14.2,5.2,4.1,-7.0,-2.2,-3.9,21.2,7.4,8.0,135,-0.0195219123505978,-0.0419322709163346,0.201593625498008,-0.0,-0.1,0.3,0.6,0.7,1.0,-0.7,-0.7,-0.8,1.2999999999999998,1.4,1.8
136,-2.681722933643773,-10.046100116414436,-0.3171129220023292,-2.5,-5.0,-0.8,20.5,10.4,14.0,-38.9,-39.2,-24.2,59.4,49.6,38.2,0,136,-0.4334109429569266,0.634691501746215,-0.2813736903376019,-0.3,0.3,0.1,6.7,10.3,8.2,-13.2,-5.8,-10.1,19.9,16.1,18.3,136,-0.0533101045296169,0.0026713124274102,0.1306620209059233,-0.0,0.0,0.3,0.7,0.7,1.0,-0.8,-0.7,-0.9,1.5,1.4,1.9
137,5.821565731166917,-8.347415066469717,2.0410635155096037,5.3,-6.6,1.4,39.2,18.9,10.9,-14.7,-39.2,-7.9,53.900000000000006,58.1,18.8,0,137,-0.5317577548005905,0.4994091580502225,-0.28301329394387,-0.4,0.3,-0.1,8.4,6.4,6.3,-7.8,-5.2,-8.4,16.2,11.6,14.7,137,0.04711964549483,0.0069423929098966,-0.1001477104874447,-0.0,0.0,-0.2,0.7,0.7,0.8,-0.7,-0.7,-0.9,1.4,1.4,1.7000000000000002
138,0.5024355300859602,-8.306876790830945,4.291833810888256,0.5,-5.1,3.4,19.0,8.9,23.8,-38.1,-39.2,-5.6,57.1,48.1,29.4,0,138,-0.2177905308464847,0.5931133428981351,-0.5830703012912483,0.0,0.4,-0.6,15.4,4.0,11.0,-9.3,-3.3,-6.4,24.700000000000003,7.3,17.4,138,-0.0014347202295552,0.0070301291248207,0.1595408895265422,-0.0,-0.0,0.3,0.6,0.6,1.0,-0.7,-0.6,-0.9,1.2999999999999998,1.2,1.9
139,-1.909494949494948,-8.130101010101011,3.9058585858585846,-2.2,-4.9,2.7,11.9,7.0,18.6,-22.2,-39.2,-4.5,34.1,46.2,23.1,0,139,0.0642424242424241,0.4779797979797983,-0.3109090909090907,0.0,0.3,-0.1,8.4,4.6,5.0,-6.3,-2.7,-5.8,14.7,7.3,10.8,139,-0.0279797979797976,0.0192929292929289,0.0830303030303028,0.0,0.1,0.2,0.6,0.5,0.9,-0.6,-0.6,-0.9,1.2,1.1,1.8
140,-6.748944487881166,-1.587099296325253,4.737998436278344,-8.5,-2.0,3.6,7.2,17.9,18.4,-19.1,-17.0,-3.9,26.3,34.9,22.3,0,140,0.117720530835285,0.0397345823575331,0.1704137392661975,0.1,-0.0,0.1,7.1,3.6,5.6,-7.5,-2.9,-4.0,14.6,6.5,9.6,140,0.2182527301092025,-0.0297191887675506,-0.3063182527301066,0.3,-0.1,-0.6,0.7,0.5,0.9,-0.4,-0.6,-1.0,1.1,1.1,1.9
141,-5.2384912959381005,-3.335847840103156,4.946937459703419,-5.3,-3.4,5.0,8.8,5.2,16.3,-21.5,-21.1,-3.0,30.3,26.3,19.3,0,141,0.1451321727917472,0.0145712443584785,0.0508704061895553,0.1,-0.0,-0.0,3.4,3.2,5.1,-6.8,-2.1,-2.6,10.2,5.300000000000001,7.699999999999999,141,0.2789168278530008,0.021727917472599,-0.2998710509348844,0.2,-0.1,-0.6,0.6,0.7,0.8,-0.1,-0.6,-1.0,0.7,1.2999999999999998,1.8
142,-8.274496124030998,-2.933100775193797,2.550620155038756,-8.4,-3.0,1.6,5.0,26.5,22.8,-38.9,-26.9,-6.2,43.9,53.4,29.0,0,142,0.031860465116279,0.0502325581395345,0.0942635658914728,0.1,0.1,0.1,5.0,2.8,3.9,-8.2,-4.7,-3.3,13.2,7.5,7.199999999999999,142,0.1464341085271316,0.2342635658914735,-0.3621705426356569,0.3,0.3,-0.5,0.8,0.8,0.6,-0.6,-0.5,-0.9,1.4,1.3,1.5
143,-4.816497263487097,0.9560594214229872,5.12157935887412,-4.7,-0.0,6.1,19.1,24.1,22.9,-30.1,-10.6,-3.9,49.2,34.7,26.8,0,143,0.1551211884284597,0.0364347146207976,0.1180609851446441,0.0,0.0,0.1,7.3,5.1,4.7,-5.0,-4.5,-3.6,12.3,9.6,8.3,143,0.0996872556684903,-0.0913995308835024,-0.2107114933541811,-0.0,-0.1,-0.4,0.8,0.4,0.9,-0.4,-0.7,-0.9,1.2000000000000002,1.1,1.8
144,-7.480585516178733,-2.362788906009244,3.3619414483821224,-8.0,-2.8,1.6,2.2,15.4,19.3,-24.7,-10.8,-5.5,26.9,26.200000000000003,24.8,0,144,0.3015408320493068,0.0335130970724191,0.1081664098613248,0.1,0.0,0.1,10.3,3.6,3.7,-6.2,-5.2,-2.9,16.5,8.8,6.6,144,0.1981510015408303,0.0396764252696449,-0.2595531587056994,0.1,0.0,-0.4,0.7,0.7,1.0,-0.5,-0.7,-0.9,1.2,1.4,1.9
145,-5.5611374407583,-0.3600541638456291,5.391198375084632,-7.5,-1.1,4.8,8.0,15.8,25.4,-18.0,-12.5,-2.0,26.0,28.3,27.4,0,145,0.1704129993229517,0.0997968855788761,0.0815165876777251,0.2,0.1,0.2,5.1,4.4,4.3,-4.2,-2.9,-4.3,9.3,7.300000000000001,8.6,145,-0.0900473933649298,0.1757616790792128,-0.1316858496953301,-0.0,0.1,-0.2,0.4,0.7,0.8,-0.7,-0.3,-1.0,1.1,1.0,1.8
146,-6.88649940262844,-1.3002389486260464,4.937634408602155,-7.2,-2.0,5.6,2.1,7.1,13.8,-15.1,-9.5,-0.9,17.2,16.6,14.7,0,146,0.0587813620071684,0.1052568697729988,0.0575268817204302,-0.0,0.1,0.1,3.3,3.2,3.3,-3.8,-2.5,-2.7,7.1,5.7,6.0,146,-0.0434626865671624,0.2354029850746285,-0.2060298507462685,0.1,0.2,-0.2,0.4,0.7,0.7,-0.7,-0.2,-0.9,1.1,0.8999999999999999,1.6
147,-5.173486547085198,-1.1279147982062792,4.286434977578475,-6.3,-1.7,4.15,30.3,23.6,39.1,-31.3,-24.9,-5.1,61.6,48.5,44.2,0,147,0.1368273542600898,0.0227578475336322,0.1961883408071747,0.1,-0.0,0.2,8.0,5.1,4.9,-8.2,-4.4,-5.0,16.2,9.5,9.9,147,0.2080156950672634,0.0547085201793716,-0.3335201793721989,0.1,-0.1,-0.5,0.8,0.8,0.8,-0.2,-0.7,-1.0,1.0,1.5,1.8
148,-6.023840000000003,-0.5696799999999984,4.619039999999998,-6.5,-1.0,5.2,19.4,11.8,23.1,-20.2,-10.0,-8.8,39.6,21.8,31.9,0,148,0.1652800000000002,0.0666399999999999,0.2775199999999996,0.1,0.0,0.2,6.9,6.7,3.5,-8.2,-4.8,-4.8,15.1,11.5,8.3,148,0.2495200000000015,0.1108800000000004,-0.4824800000000009,0.2,0.1,-0.6,0.8,0.8,0.5,-0.2,-0.5,-1.0,1.0,1.3,1.5
149,-7.610511679644055,-1.6459399332591746,3.186707452725253,-8.0,-2.2,3.6,6.7,12.0,17.1,-30.0,-26.1,-20.0,36.7,38.1,37.1,0,149,0.063515016685206,0.032536151279199,0.0867630700778643,0.0,0.05,0.0,5.7,1.7,3.8,-5.5,-3.8,-3.1,11.2,5.5,6.9,149,-0.0099555061179116,-0.2621802002224683,0.2219132369299245,-0.1,-0.2,0.3,0.7,0.4,1.0,-0.6,-0.7,-0.7,1.2999999999999998,1.1,1.7
150,-4.189561586638825,-0.9558107167710546,5.602574808629087,-4.3,-1.0,7.3,9.9,16.6,16.9,-18.3,-13.7,-6.4,28.200000000000003,30.3,23.3,0,150,0.2173277661795412,0.1183716075156578,0.1416840640222686,0.1,0.1,0.1,6.1,3.1,3.2,-7.8,-3.8,-3.2,13.9,6.9,6.4,150,-0.115400696864111,-0.1207665505226494,0.5643205574912823,-0.1,-0.1,0.6,0.3,0.6,1.0,-0.7,-0.7,-0.2,1.0,1.2999999999999998,1.2
151,3.632979664014144,-3.818656056587088,4.4826702033598576,3.1,-3.3,4.2,32.9,6.0,20.7,-15.8,-22.6,-6.1,48.7,28.6,26.8,0,151,0.2693191865605657,0.1165340406719717,-0.094871794871795,0.3,0.0,-0.0,6.1,3.1,4.4,-7.7,-2.1,-5.4,13.8,5.2,9.8,151,0.2858532272325378,0.144385499557913,-0.09814323607427,0.3,0.1,-0.1,0.8,0.7,0.8,-0.5,-0.3,-1.0,1.3,1.0,1.8
152,-6.540380228136888,-1.27992395437262,5.552623574144494,-7.2,-2.1,5.1,33.0,39.0,21.7,-29.2,-37.4,-12.6,62.2,76.4,34.3,0,152,0.1390114068441064,0.0628136882129275,0.1174144486692015,0.1,0.1,-0.0,10.3,3.7,5.9,-24.1,-4.3,-5.8,34.400000000000006,8.0,11.7,152,0.0651711026615964,0.1290494296577951,-0.4480608365018986,0.1,0.1,-0.5,0.5,0.7,0.6,-0.6,-0.5,-1.0,1.1,1.2,1.6
153,-7.550645406226272,-0.5640091116173125,4.443887623386492,-7.5,-0.9,5.2,6.3,12.1,13.3,-18.1,-7.5,-4.2,24.4,19.6,17.5,0,153,0.0851289833080424,0.0544006069802733,0.1111532625189681,0.1,0.0,0.1,6.2,3.5,4.9,-7.3,-2.7,-3.9,13.5,6.2,8.8,153,-0.2566767830045514,0.0226858877086489,0.3917298937784497,-0.2,0.1,0.6,0.3,0.7,1.0,-0.8,-0.7,-0.8,1.1,1.4,1.8
154,-4.179859154929582,-3.964366197183093,5.621549295774639,-2.9,-5.5,6.6,2.4,7.1,10.3,-11.6,-12.2,-2.4,14.0,19.3,12.7,0,154,0.0330985915492957,-0.018169014084507,0.0364788732394366,0.0,0.0,0.0,6.3,1.8,2.6,-3.2,-2.7,-1.9,9.5,4.5,4.5,154,0.2309859154929605,-0.2645070422535223,0.19,0.3,-0.2,0.1,0.4,0.1,0.7,-0.3,-0.7,-0.2,0.7,0.7999999999999999,0.8999999999999999
155,-4.086746987951822,-5.611015490533584,3.009122203098107,-3.4,-8.8,2.0,3.0,6.0,10.0,-14.1,-14.4,-4.5,17.1,20.4,14.5,0,155,0.0310463121783876,0.0049742710120069,-0.0164665523156088,-0.0,0.0,0.0,4.0,2.3,2.6,-4.3,-3.5,-2.4,8.3,5.8,5.0,155,-0.4360205831903906,0.1519725557461385,0.1687821612349922,-0.6,0.1,0.2,0.3,0.5,0.5,-0.7,-0.2,-0.2,1.0,0.7,0.7
156,-5.642757417102963,-1.8806282722513072,3.158813263525305,-7.9,-2.6,0.6,6.8,5.3,10.6,-12.5,-11.5,-8.5,19.3,16.8,19.1,0,156,0.0029668411867365,0.0853403141361256,-0.0589877835951134,-0.0,0.0,0.0,11.2,1.6,2.8,-7.7,-0.8,-1.9,18.9,2.4000000000000004,4.699999999999999,156,0.2085514834205952,-0.3657940663176258,0.2127399650959864,0.3,-0.6,-0.0,0.7,0.1,0.7,-0.1,-0.7,-0.3,0.7999999999999999,0.7999999999999999,1.0
157,-5.662171628721511,-0.6222416812609463,5.678108581436095,-6.2,-2.1,7.3,3.6,9.5,11.1,-16.2,-22.0,-6.7,19.8,31.5,17.8,0,157,0.0010507880910684,-0.0098073555166374,-0.1140105078809106,0.0,0.0,0.0,5.8,3.2,1.4,-7.3,-4.7,-4.0,13.1,7.9,5.4,157,0.2496491228070152,-0.1871929824561407,-0.5482456140350868,0.3,-0.2,-0.6,0.7,0.2,-0.3,-0.5,-0.4,-0.7,1.2,0.6000000000000001,0.3999999999999999
158,-6.43934599156116,-3.695042194092823,4.093565400843868,-8.2,-4.3,2.4,0.4,4.6,13.3,-14.7,-15.3,-1.6,15.1,19.9,14.9,0,158,-0.00253164556962,0.0292194092827004,-0.0108649789029535,-0.0,-0.0,0.0,10.2,2.4,3.3,-8.1,-4.1,-2.7,18.3,6.5,6.0,158,0.104535864978903,0.4426160337552809,-0.6240506329113968,0.1,0.6,-0.5,0.4,0.7,-0.2,-0.2,-0.2,-1.0,0.6000000000000001,0.8999999999999999,0.8
159,-6.136592178770936,-2.2113128491620127,5.02346368715084,-7.7,-2.1,3.75,1.6,5.3,15.1,-15.3,-10.5,-3.5,16.900000000000002,15.8,18.6,0,159,-0.0136680613668061,0.0121338912133889,-0.0334728033472803,0.0,-0.0,0.0,3.5,2.7,3.6,-4.3,-1.8,-2.0,7.8,4.5,5.6,159,-0.2934285714285713,0.3027142857142842,0.2002857142857148,-0.3,0.3,0.2,0.2,0.6,0.6,-0.6,0.0,-0.2,0.8,0.6,0.8
160,-4.0708618331053374,-2.6938440492476103,7.3998632010943615,-2.5,-2.5,9.1,1.1,2.0,10.6,-10.8,-10.0,1.1,11.9,12.0,9.5,0,160,-0.0114911080711354,-0.007797537619699,-0.0002735978112175,-0.0,-0.0,-0.0,2.3,1.8,2.0,-3.5,-1.9,-0.7,5.8,3.7,2.7,160,-0.1756497948016399,0.2086183310533491,0.0868673050615604,-0.1,0.1,0.1,-0.0,0.5,0.3,-0.4,0.1,-0.1,0.4,0.4,0.4
161,-6.365277777777719,-3.853661616161631,1.1094696969696995,-7.2,-6.3,-0.4,3.0,6.9,13.8,-13.3,-16.4,-2.8,16.3,23.3,16.6,0,161,-0.0012642225031603,-0.0378002528445006,0.0061946902654865,0.0,-0.0,0.0,5.7,0.8,4.3,-7.0,-1.5,-2.8,12.7,2.3,7.1,161,-0.2988636363636409,-0.438888888888886,0.668686868686875,-0.3,-0.5,0.7,0.3,0.2,0.9,-0.6,-0.7,0.6,0.8999999999999999,0.8999999999999999,0.3
162,-5.359228650137756,-3.290633608815423,5.075757575757569,-4.1,-3.9,7.2,2.5,3.3,11.0,-14.1,-9.0,-1.6,16.6,12.3,12.6,0,162,-0.0205234159779614,-0.0173553719008263,0.0307162534435262,0.0,-0.0,0.0,3.9,2.5,2.3,-3.7,-2.9,-1.8,7.6,5.4,4.1,162,0.3130853994490358,0.2685950413223154,-0.8559228650137685,0.2,0.3,-0.9,0.6,0.4,-0.7,0.0,-0.1,-1.0,0.6,0.5,0.3
163,-4.563546798029546,-4.842528735632176,4.0467980295566495,-2.5,-6.4,5.4,1.6,4.8,10.0,-13.5,-15.1,-2.4,15.1,19.9,12.4,0,163,0.0412151067323482,-0.0093596059113299,0.0402298850574713,0.0,0.0,0.0,10.4,1.3,2.5,-5.4,-1.2,-2.4,15.8,2.5,4.9,163,0.2284072249589494,-0.3720853858784906,0.3343185550082125,0.3,-0.3,0.4,0.5,0.2,0.9,-0.1,-0.7,-0.2,0.6,0.8999999999999999,1.1
164,-6.345103448275865,-2.0068965517241395,4.808689655172419,-5.7,-2.2,6.8,-0.1,4.7,18.0,-12.2,-12.9,-9.1,12.1,17.6,27.1,0,164,0.0133793103448275,-0.0126896551724138,0.0877241379310346,-0.0,-0.0,0.0,3.1,2.1,1.7,-3.0,-2.5,-2.0,6.1,4.6,3.7,164,-0.343232044198897,-0.254005524861879,0.8320441988950279,-0.3,-0.2,0.9,-0.1,0.1,1.0,-0.7,-0.6,0.4,0.6,0.7,0.6
165,4.929458598726116,-4.712898089171974,4.364490445859872,4.1,-5.1,3.7,12.4,3.5,13.3,-6.1,-31.5,-2.8,18.5,35.0,16.1,0,165,-0.058917197452229,0.0302547770700637,-0.0203821656050956,0.0,-0.0,-0.0,5.4,2.1,2.7,-4.5,-1.5,-4.0,9.9,3.6,6.7,165,-0.0287758346581875,0.4303656597774282,-0.6807631160572255,-0.0,0.5,-0.7,0.4,0.8,-0.1,-0.3,0.0,-1.0,0.7,0.8,0.9
166,-3.6524557956778008,-2.665029469548135,6.538899803536336,-2.1,-4.2,7.3,4.1,8.1,17.4,-15.5,-24.8,-0.8,19.6,32.9,18.2,0,166,0.0229862475442044,-0.0212180746561886,0.0846758349705302,-0.0,-0.0,-0.0,4.8,3.0,4.8,-7.1,-2.2,-2.5,11.9,5.2,7.3,166,0.0222003929273083,-0.239685658153242,0.5388998035363475,-0.0,-0.2,0.5,0.3,0.4,0.8,-0.2,-0.7,0.3,0.5,1.1,0.5
167,-5.735677530017145,-2.87427101200686,5.539622641509434,-4.6,-4.3,7.2,-0.2,3.8,11.4,-14.5,-12.3,-1.5,14.3,16.1,12.9,0,167,0.007032590051458,-0.00926243567753,0.0169811320754717,-0.0,-0.0,-0.0,3.1,1.9,2.1,-6.3,-2.2,-1.2,9.4,4.1,3.3,167,-0.3663807890222997,-0.1272727272727283,0.8380789022298404,-0.3,-0.2,0.9,0.0,0.2,0.9,-0.7,-0.4,0.7,0.7,0.6000000000000001,0.2
168,-2.5650994575045245,-4.270886075949372,6.818625678119339,-2.3,-5.8,7.3,3.3,8.4,16.0,-19.2,-35.2,-15.1,22.5,43.6,31.1,0,168,-0.0173598553345387,-0.0099457504520795,0.0027124773960218,-0.0,0.0,-0.0,5.8,2.5,2.1,-8.9,-5.3,-2.7,14.7,7.8,4.800000000000001,168,0.2397830018083182,-0.1826401446654614,0.2296564195298362,0.3,-0.2,0.1,0.7,0.1,0.6,-0.1,-0.6,-0.2,0.7999999999999999,0.7,0.8
169,-2.815328467153281,-6.075912408759115,2.402737226277371,-3.5,-7.55,0.7,6.4,3.4,11.1,-13.6,-18.4,-4.8,20.0,21.8,15.9,0,169,0.0036496350364963,-0.0815693430656934,0.0301094890510948,0.0,0.0,-0.0,2.9,1.7,1.2,-6.8,-3.7,-2.7,9.7,5.4,3.9,169,0.5034671532846687,-0.0381386861313869,-0.1844890510948904,0.6,0.0,-0.2,0.8,0.3,-0.0,-0.2,-0.4,-0.3,1.0,0.7,0.3
170,-2.001226993865032,-2.7840490797546003,8.50306748466258,-1.4,-3.0,9.3,10.2,3.4,22.1,-6.8,-13.8,-4.2,17.0,17.2,26.3,0,170,0.020245398773006,-0.0512269938650307,-0.0113496932515337,0.0,0.0,-0.0,3.4,2.2,1.3,-2.6,-2.9,-2.7,6.0,5.1,4.0,170,0.0941717791411045,-0.1536809815950923,0.447852760736197,0.1,-0.1,0.4,0.3,0.1,0.6,-0.1,-0.4,0.3,0.4,0.5,0.3
171,-4.8452261306532645,-1.3228643216080411,7.050753768844228,-5.9,-1.85,7.2,6.3,5.1,16.0,-12.5,-17.6,1.2,18.8,22.700000000000003,14.8,0,171,0.0087939698492462,-0.0311557788944724,-0.0158291457286432,-0.0,0.0,0.0,4.7,1.9,2.3,-2.3,-2.1,-2.6,7.0,4.0,4.9,171,0.2431077694235616,-0.1303258145363415,-0.5724310776942343,0.3,-0.1,-0.6,0.6,-0.0,-0.4,-0.1,-0.3,-0.7,0.7,0.3,0.2999999999999999
172,-4.903092783505133,-3.81791237113403,6.478994845360852,-5.1,-4.0,7.4,1.2,10.8,15.8,-20.8,-15.7,-2.7,22.0,26.5,18.5,0,172,-0.0063225806451612,-0.0021935483870967,0.0051612903225807,-0.0,0.0,-0.0,6.6,1.3,4.4,-5.8,-4.1,-4.0,12.4,5.4,8.4,172,0.159741935483868,0.3012903225806504,-0.8165161290322577,0.1,0.3,-0.8,0.6,0.5,-0.7,0.0,-0.2,-1.0,0.6,0.7,0.3
173,-2.993814432989698,-0.6871134020618556,7.248625429553271,-2.8,-1.4,9.0,5.2,38.9,39.2,-21.5,-34.8,-19.4,26.7,73.69999999999999,58.6,0,173,0.0228522336769758,-0.0527491408934707,0.0058419243986254,0.0,-0.0,0.0,11.7,4.5,2.9,-5.8,-6.2,-5.4,17.5,10.7,8.3,173,0.079416809605488,-0.1567753001715285,0.1986277873070324,0.1,-0.2,0.2,0.6,0.1,0.5,-0.2,-0.8,-0.5,0.8,0.9,1.0
174,-3.902857142857129,-3.3327472527472524,7.85384615384616,-3.2,-3.6,8.5,1.7,4.6,28.9,-16.6,-16.6,1.5,18.3,21.200000000000003,27.4,0,174,-0.0392543859649121,-0.0243421052631579,0.0282894736842105,0.0,-0.0,0.0,3.1,1.6,1.9,-2.6,-3.6,-1.1,5.7,5.2,3.0,174,0.0085714285714285,-0.2830769230769232,0.6030769230769213,0.0,-0.2,0.6,0.2,-0.2,0.7,-0.1,-0.6,0.5,0.3,0.3999999999999999,0.1999999999999999
175,-2.974257425742597,-4.466116611661186,7.378107810781029,-2.5,-5.2,8.0,5.2,6.8,15.8,-12.0,-15.1,-0.0,17.2,21.9,15.8,0,175,-0.0194719471947195,0.0169416941694169,0.0432343234323433,0.0,0.0,-0.0,4.1,1.6,2.8,-4.2,-3.3,-3.3,8.3,4.9,6.1,175,-0.2168316831683132,-0.1837183718371819,0.8823982398239687,-0.2,-0.2,0.9,0.2,0.2,0.9,-0.6,-0.4,0.7,0.8,0.6000000000000001,0.2
176,-5.834761904761901,-2.641904761904764,6.5402380952380925,-5.6,-1.7,7.7,-1.6,9.8,20.6,-13.6,-12.7,0.3,12.0,22.5,20.3,0,176,-0.0285714285714287,0.0109523809523809,-0.0530952380952381,0.0,0.0,0.0,5.7,3.6,2.7,-2.7,-1.9,-2.4,8.4,5.5,5.1,176,0.3171428571428565,0.1904761904761884,-0.901428571428568,0.3,0.1,-0.9,0.5,0.6,-0.7,0.1,0.0,-1.0,0.4,0.6,0.3
177,-5.302696629213481,-3.797078651685392,4.387865168539332,-6.0,-4.5,4.4,1.8,5.8,13.4,-15.8,-16.9,-3.5,17.6,22.7,16.9,0,177,0.0110112359550562,0.0411235955056181,0.0101123595505617,-0.1,-0.0,0.0,10.1,2.8,5.3,-4.8,-5.2,-3.3,14.9,8.0,8.6,177,0.1292134831460671,-0.3247191011235958,0.4101123595505632,0.1,-0.4,0.5,0.7,0.2,0.9,-0.3,-0.6,-0.3,1.0,0.8,1.2
178,-5.347044334975363,-3.0167487684729126,6.9458128078817545,-4.7,-2.5,8.2,26.0,13.1,16.9,-23.5,-23.2,-8.7,49.5,36.3,25.6,0,178,-0.0281481481481481,0.0212345679012345,-0.0525925925925926,-0.0,0.0,-0.0,7.1,3.0,2.5,-4.7,-9.9,-3.1,11.8,12.9,5.6,178,-0.2372839506172839,-0.2562962962962965,0.8990123456790141,-0.2,-0.2,0.9,-0.1,-0.1,1.0,-0.4,-0.6,0.6,0.3,0.5,0.4
179,5.05857142857143,-5.129761904761906,4.916904761904766,4.2,-4.800000000000001,5.2,32.4,-0.6,9.4,-7.2,-14.9,-4.0,39.6,14.3,13.4,0,179,-0.0161904761904762,-0.0126190476190476,-0.0076190476190475,0.0,0.0,0.0,4.0,3.1,4.2,-7.4,-1.3,-1.0,11.4,4.4,5.2,179,-0.1126190476190475,0.4411904761904768,-0.7566666666666638,-0.1,0.5,-0.8,0.2,0.7,-0.5,-0.4,0.2,-0.9,0.6000000000000001,0.4999999999999999,0.4
180,-2.7799554565701587,-3.175278396436524,6.464365256124719,-1.7,-4.8,7.4,3.1,7.6,15.7,-11.6,-13.6,-0.9,14.7,21.2,16.599999999999998,0,180,0.012888888888889,0.0053333333333331,0.0255555555555551,0.0,0.1,0.0,6.0,2.0,2.6,-6.2,-4.1,-3.1,12.2,6.1,5.7,180,0.0937639198218259,-0.2320712694877516,0.5416481069042335,0.1,-0.2,0.5,0.3,0.4,0.8,-0.1,-0.7,0.3,0.4,1.1,0.5
181,-3.814228456913828,-2.5378757515030044,7.769939879759536,-4.5,-4.1,7.7,0.8,5.1,13.8,-7.4,-7.4,4.1,8.200000000000001,12.5,9.7,0,181,0.0090180360721443,0.0024048096192385,-0.0036072144288578,-0.0,0.0,-0.0,2.0,0.9,0.7,-2.3,-1.6,-1.0,4.3,2.5,1.7,181,-0.2282565130260514,-0.1002004008016032,0.8999999999999925,-0.3,-0.2,0.9,0.1,0.2,0.9,-0.4,-0.3,0.9,0.5,0.5,0.0
182,-5.955681818181804,-5.509090909090911,1.8784090909090891,-5.9,-6.2,1.8,5.3,22.5,14.5,-17.3,-29.8,-20.2,22.6,52.3,34.7,0,182,0.0160123966942148,-0.0103305785123968,-0.024690082644628,0.0,0.0,0.0,15.5,4.1,4.2,-16.3,-3.1,-4.1,31.8,7.199999999999999,8.3,182,-0.2748966942148761,0.4931818181818215,-0.2325413223140501,-0.3,0.5,-0.2,0.1,0.7,0.2,-0.6,-0.1,-0.7,0.7,0.7999999999999999,0.8999999999999999
183,-4.937925021795987,-2.625893635571055,1.3716652136006982,-6.0,-4.7,0.4,7.3,18.3,12.0,-12.4,-15.9,-10.3,19.7,34.2,22.3,0,183,0.0031386224934609,0.0315605928509152,0.0088055797733217,-0.0,0.0,-0.0,5.9,2.7,3.7,-4.3,-3.5,-3.1,10.2,6.2,6.800000000000001,183,0.1329555361813433,-0.4097646033129881,0.4130775937227566,0.2,-0.7,0.3,0.7,0.4,0.9,-0.2,-0.8,-0.1,0.8999999999999999,1.2000000000000002,1.0
184,-6.520458015267175,-4.392977099236635,0.566717557251909,-6.7,-4.2,-0.2,0.6,2.7,10.5,-16.1,-21.6,-10.4,16.700000000000003,24.3,20.9,0,184,-0.0317073170731707,0.0859756097560975,-0.0477134146341463,0.0,0.0,0.0,11.2,2.5,2.1,-9.6,-1.2,-2.5,20.8,3.7,4.6,184,0.1491577335375199,-0.5931087289433415,0.3108728943338419,0.1,-0.7,0.3,0.7,-0.1,0.7,-0.1,-0.8,-0.1,0.7999999999999999,0.7000000000000001,0.7999999999999999
185,-5.523590814196244,-3.075365344467642,1.6757828810020885,-6.5,-4.3,1.5,5.5,17.2,23.2,-16.6,-20.3,-11.0,22.1,37.5,34.2,0,185,0.0945720250521922,0.0695198329853859,-0.0951983298538622,-0.1,-0.1,0.0,17.6,4.7,2.6,-9.3,-3.0,-3.8,26.9,7.7,6.4,185,0.4352083333333322,-0.0652083333333335,-0.4785416666666684,0.6,0.0,-0.5,0.8,0.2,-0.1,-0.4,-0.4,-0.7,1.2000000000000002,0.6000000000000001,0.6
186,-6.98476374156221,-4.512439729990361,1.3072324011571848,-7.1,-4.1,1.3,21.5,39.1,39.2,-38.3,-39.2,-27.2,59.8,78.30000000000001,66.4,0,186,0.0263513513513513,-0.0107142857142856,0.0123552123552123,0.0,0.0,0.0,13.0,2.6,3.9,-12.9,-5.4,-5.2,25.9,8.0,9.1,186,-0.2502890173410416,-0.522350674373799,0.6547206165703281,-0.3,-0.6,0.6,0.2,0.4,1.0,-0.6,-0.9,0.1,0.8,1.3,0.9
187,-7.979646017699112,-3.098230088495576,1.027433628318584,-8.4,-2.5,1.4,3.3,12.8,12.9,-31.1,-20.7,-23.9,34.4,33.5,36.8,0,187,0.052482269503546,-0.0730496453900708,0.027659574468085,0.1,0.0,-0.1,19.2,4.4,4.4,-12.7,-3.3,-2.2,31.9,7.7,6.6000000000000005,187,-0.457446808510636,0.3932624113475194,0.2445035460992918,-0.5,0.4,0.3,0.1,0.6,0.6,-0.9,0.0,-0.2,1.0,0.6,0.8
188,-6.003209459459457,-4.340540540540545,1.7810810810810804,-6.6,-4.3,0.4,2.0,4.2,10.5,-13.9,-37.8,-14.5,15.9,42.0,25.0,0,188,-0.0116357504215851,0.0246205733558181,-0.0242833052276559,0.0,0.0,0.0,13.0,2.1,4.4,-11.0,-1.9,-2.5,24.0,4.0,6.9,188,-0.3559121621621622,0.4280405405405393,-0.002027027027027,-0.4,0.5,0.0,0.0,0.7,0.3,-0.8,0.0,-0.3,0.8,0.7,0.6
189,-8.10594530321046,-1.79072532699168,-1.0882282996432813,-8.9,-2.4,-1.8,5.8,9.9,24.0,-23.2,-13.5,-11.2,29.0,23.4,35.2,0,189,0.0082045184304398,-0.0181926278240189,0.0065398335315101,-0.0,0.0,-0.0,8.2,2.5,4.4,-11.6,-3.9,-3.1,19.8,6.4,7.5,189,-0.6373365041617174,-0.1744351961950072,0.582045184304402,-0.8,-0.2,0.6,0.3,0.2,0.8,-0.9,-0.5,0.4,1.2,0.7,0.4
190,-5.996217494089835,-3.1062647754137105,2.653900709219859,-6.4,-2.5,0.7,1.7,19.2,18.5,-14.7,-26.8,-20.6,16.4,46.0,39.1,0,190,-0.0099290780141844,-0.0092198581560283,-0.0112293144208037,0.0,-0.0,0.0,16.1,5.2,3.8,-17.3,-5.0,-2.0,33.400000000000006,10.2,5.8,190,0.360781990521334,0.3220379146919399,-0.7592417061611347,0.4,0.4,-0.7,0.7,0.9,-0.2,-0.1,-0.1,-1.0,0.7999999999999999,1.0,0.8
191,-6.031217838765017,-3.912178387650088,-0.8722126929674098,-6.3,-4.6,-1.7,3.9,7.8,9.6,-15.0,-21.7,-35.9,18.9,29.5,45.5,0,191,-0.0137221269296739,0.0387650085763293,-0.0794168096054888,-0.0,-0.0,-0.1,13.5,1.9,2.7,-6.2,-3.8,-3.4,19.7,5.699999999999999,6.1,191,-0.2451114922813038,-0.5773584905660393,0.5909090909090906,-0.3,-0.7,0.5,0.1,0.2,1.0,-0.6,-0.9,0.2,0.7,1.1,0.8
192,-6.53948562783661,-4.40605143721634,1.8111951588502275,-7.2,-4.9,0.5,2.7,5.3,10.5,-11.3,-16.2,-10.5,14.0,21.5,21.0,0,192,-0.0534743202416919,0.0220543806646524,0.0418429003021147,-0.0,0.0,0.0,10.8,2.9,2.0,-9.0,-2.3,-1.8,19.8,5.199999999999999,3.8,192,0.1546142208774589,-0.5373676248108903,0.3278366111951575,0.2,-0.6,0.3,0.6,0.2,0.7,-0.1,-0.8,-0.1,0.7,1.0,0.7999999999999999
193,6.002915951972563,-4.290222984562609,2.3387650085763303,6.6,-3.5,1.8,14.3,8.8,20.7,-4.8,-27.0,-12.9,19.1,35.8,33.6,0,193,0.0176672384219553,0.1543739279588336,0.0428816466552316,0.1,0.1,0.1,17.4,2.5,1.9,-12.2,-2.8,-4.2,29.6,5.3,6.1,193,-0.118588640275387,0.5132530120481966,-0.6185886402753856,-0.1,0.6,-0.7,0.3,0.9,-0.0,-0.4,0.0,-1.0,0.7,0.9,1.0
194,-5.465999999999995,-2.883200000000002,2.5316000000000014,-6.4,-3.9,2.5,3.1,9.5,15.6,-14.6,-23.8,-12.5,17.7,33.3,28.1,0,194,-0.0014647137150468,-0.025699067909454,0.021970705725699,-0.0,-0.0,-0.0,13.3,1.3,6.8,-9.6,-3.3,-2.3,22.9,4.6,9.1,194,0.3254666666666639,-0.221066666666669,-0.1056000000000004,0.4,-0.3,-0.2,0.9,0.3,0.3,-0.4,-0.6,-0.6,1.3,0.8999999999999999,0.8999999999999999
195,-6.981126331811258,-3.405022831050233,0.4971080669710809,-7.7,-3.7,-0.6,1.8,7.9,16.0,-13.1,-19.0,-21.5,14.9,26.9,37.5,0,195,0.0117199391171992,0.0168949771689497,0.0013698630136986,0.0,0.0,-0.0,13.3,2.4,2.1,-6.7,-3.1,-1.9,20.0,5.5,4.0,195,-0.5732115677321152,-0.1611872146118721,0.6552511415525161,-0.7,-0.2,0.6,0.1,0.2,0.9,-0.8,-0.6,0.4,0.9,0.8,0.5
196,-8.363656387665188,-3.075991189427312,4.08722466960352,-8.0,-3.6,3.9,18.9,27.0,29.2,-38.7,-18.4,-25.2,57.6,45.4,54.4,0,196,-0.0656387665198241,0.0711453744493392,0.097577092511013,0.1,-0.0,-0.0,14.5,20.5,6.1,-10.8,-10.4,-7.2,25.3,30.9,13.3,196,0.4292951541850197,-0.1154185022026434,-0.5616740088105716,0.5,-0.1,-0.6,0.6,0.4,-0.1,-0.3,-0.4,-0.9,0.8999999999999999,0.8,0.8
197,-7.7432865731463005,-1.763527054108218,2.4296593186372752,-9.1,-2.8,1.3,1.6,9.7,11.1,-21.8,-15.2,-5.4,23.4,24.9,16.5,0,197,-0.0971887550200803,-0.0026104417670683,0.093574297188755,0.0,0.0,0.0,5.4,3.9,4.9,-7.4,-3.5,-2.9,12.8,7.4,7.800000000000001,197,-0.3421686746987961,-0.2831325301204836,0.7341365461847357,-0.4,-0.4,0.7,0.3,0.6,1.0,-0.7,-0.6,0.5,1.0,1.2,0.5
198,-7.568035190615832,-2.972727272727272,2.347507331378299,-7.6,-2.9,1.1,9.7,11.4,18.1,-38.7,-31.5,-20.4,48.400000000000006,42.9,38.5,0,198,0.002639296187683,0.0111436950146627,0.0055718475073314,0.1,-0.0,-0.1,10.8,2.7,3.6,-15.8,-3.3,-5.2,26.6,6.0,8.8,198,-0.2953079178885628,-0.4287390029325503,0.6542521994134894,-0.3,-0.6,0.6,-0.1,0.0,1.0,-0.6,-0.7,0.2,0.5,0.7,0.8
199,-7.115348837209301,1.012325581395349,2.4823255813953518,-8.5,0.1,1.5,9.8,14.5,11.5,-25.2,-10.4,-10.2,35.0,24.9,21.7,0,199,0.0437209302325581,-0.1713953488372092,0.0011627906976743,-0.0,-0.0,-0.1,13.2,4.2,6.1,-7.8,-5.5,-5.3,21.0,9.7,11.4,199,-0.0827906976744183,0.3667441860465109,0.1913953488372095,-0.3,0.5,0.2,0.8,0.8,0.7,-0.5,-0.3,-0.2,1.3,1.1,0.8999999999999999
200,-8.74643377001457,-2.3097525473071325,1.141484716157204,-9.1,-3.3,1.1,8.2,14.0,20.7,-38.8,-39.2,-38.3,47.0,53.2,59.0,0,200,0.0719476744186046,-0.0651162790697673,0.0328488372093023,0.0,0.0,0.0,14.5,10.6,7.6,-11.5,-7.5,-13.9,26.0,18.1,21.5,200,-0.5489825581395396,-0.0928779069767448,0.684302325581394,-0.7,-0.1,0.7,0.2,0.3,1.0,-0.8,-0.5,0.5,1.0,0.8,0.5
201,-8.176353790613707,-1.3752707581227424,4.140252707581228,-8.9,-1.55,3.1,-0.2,4.4,10.2,-25.1,-10.6,-6.2,24.9,15.0,16.4,0,201,-0.251630434782609,0.0014492753623188,0.0750000000000001,-0.1,-0.0,0.1,5.4,4.7,6.7,-5.4,-4.5,-4.7,10.8,9.2,11.4,201,-0.0931159420289854,0.4346014492753619,-0.0548913043478264,0.0,0.5,0.0,0.2,0.8,0.6,-0.5,0.0,-0.8,0.7,0.8,1.4
202,-8.190370370370367,-1.951358024691359,3.939753086419752,-8.1,-1.7,2.6,-0.1,7.8,10.9,-35.0,-24.0,-10.6,34.9,31.8,21.5,0,202,-0.2728395061728391,-0.031604938271605,-0.0106172839506173,-0.1,-0.1,-0.0,6.9,8.0,4.0,-4.4,-4.9,-4.8,11.3,12.9,8.8,202,-0.034074074074074,0.4424691358024675,-0.1718518518518511,0.0,0.5,-0.1,0.2,0.8,0.3,-0.3,0.1,-0.7,0.5,0.7000000000000001,1.0
203,-7.474611398963734,-2.6732297063903263,0.940932642487046,-8.9,-3.1,-0.3,4.1,10.9,37.9,-24.9,-37.7,-20.0,29.0,48.6,57.9,0,203,-0.1559585492227978,-0.2345423143350605,0.0690846286701205,0.0,0.0,-0.0,18.1,4.6,6.7,-19.1,-6.8,-8.2,37.2,11.4,14.9,203,0.4998263888888898,-0.0319444444444446,-0.5618055555555509,0.6,-0.1,-0.6,0.8,0.5,-0.0,-0.2,-0.8,-0.9,1.0,1.3,0.9
204,-6.539908952959038,-1.7248861911987867,3.2911987860394505,-7.8,-2.2,1.3,3.8,5.7,12.2,-36.9,-11.7,-9.8,40.7,17.4,22.0,0,204,-0.214415781487102,-0.0927162367223065,0.1254931714719269,0.0,0.0,0.0,7.6,3.8,5.4,-6.6,-5.8,-6.2,14.2,9.6,11.6,204,-0.4188449848024332,-0.0816109422492398,0.681003039513677,-0.5,0.0,0.7,0.1,0.2,0.9,-0.8,-0.5,0.4,0.9,0.7,0.5
205,-7.749999999999997,-1.9938461538461545,2.287179487179487,-8.9,-2.5,1.2,1.5,14.4,10.1,-25.9,-16.6,-5.3,27.4,31.0,15.4,0,205,-0.0212820512820512,-0.0448717948717948,-0.0053846153846154,0.0,-0.1,-0.1,13.1,1.1,4.5,-6.7,-1.2,-6.7,19.8,2.3,11.2,205,0.1571794871794878,0.4871794871794848,-0.5815384615384622,0.2,0.6,-0.5,0.5,0.7,-0.1,-0.0,-0.2,-1.0,0.5,0.8999999999999999,0.9
206,-5.428341013824877,-1.9320276497695863,4.7435483870967765,-5.25,-2.0,4.65,2.8,5.1,10.5,-20.0,-13.1,-6.3,22.8,18.2,16.8,0,206,-0.1317241379310341,0.1009195402298848,-0.0043678160919541,0.0,-0.0,-0.0,3.2,3.8,3.2,-5.8,-2.7,-3.6,9.0,6.5,6.800000000000001,206,0.3329493087557597,0.1315668202764976,-0.7525345622119818,0.5,0.1,-0.7,0.7,0.5,-0.6,-0.2,-0.1,-0.9,0.8999999999999999,0.6,0.3
207,6.304587155963302,-1.8495412844036696,4.989908256880729,6.8,-1.6,3.9,39.2,6.0,11.6,-4.9,-15.5,-5.4,44.1,21.5,17.0,0,207,-0.0131498470948012,-0.0110091743119266,0.215902140672783,0.1,-0.0,0.3,7.2,2.8,3.2,-5.0,-1.9,-3.2,12.2,4.699999999999999,6.4,207,-0.1733944954128438,-0.3544342507645255,0.1785932721712538,-0.2,-0.5,-0.1,0.1,0.0,0.9,-0.5,-0.6,-0.5,0.6,0.6,1.4
208,-7.394444444444447,-1.7595959595959578,3.720959595959596,-8.2,-2.4,3.9,2.7,8.5,12.0,-34.4,-28.6,-6.9,37.1,37.1,18.9,0,208,0.0083544303797471,-0.3534177215189877,0.1293670886075948,0.0,-0.0,-0.1,9.9,2.5,9.4,-11.4,-5.9,-4.1,21.3,8.4,13.5,208,-0.2260101010101013,-0.2520202020202022,0.7421717171717179,-0.3,-0.4,0.8,0.3,0.4,1.0,-0.7,-0.7,0.4,1.0,1.1,0.6
209,-7.736809815950928,-1.5216768916155423,3.271370143149285,-8.7,-2.1,1.9,4.4,8.6,10.8,-38.9,-18.2,-9.9,43.3,26.8,20.700000000000003,0,209,-0.0116564417177911,0.0081799591002043,0.063803680981595,0.0,0.0,0.0,7.6,6.6,6.6,-8.0,-3.5,-5.4,15.6,10.1,12.0,209,-0.4257668711656425,0.2018404907975453,0.5251533742331278,-0.6,0.2,0.6,0.1,0.5,0.7,-0.7,0.0,0.3,0.7999999999999999,0.5,0.3999999999999999
210,-2.163720930232561,-3.3100000000000027,5.832325581395351,-2.4,-4.25,5.45,30.0,24.2,20.2,-11.6,-20.4,-9.4,41.6,44.6,29.6,0,210,-0.1258139534883722,-0.0127906976744186,0.0327906976744188,-0.0,0.0,-0.0,6.2,4.9,2.9,-6.5,-4.5,-5.9,12.7,9.4,8.8,210,0.0465116279069766,-0.2690697674418602,0.794883720930232,0.0,-0.3,0.8,0.6,0.3,1.0,-0.2,-0.6,0.4,0.8,0.8999999999999999,0.6
211,0.6874999999999994,-1.5702380952380957,5.974999999999999,1.6,-2.1,6.95,35.3,27.4,16.4,-19.9,-17.2,-25.1,55.2,44.6,41.5,0,211,-0.2392857142857143,0.0139880952380952,-0.1300595238095238,-0.1,-0.0,-0.1,5.6,5.5,3.6,-6.2,-6.6,-6.1,11.8,12.1,9.7,211,0.1666666666666665,0.0761904761904763,0.2595238095238092,0.2,0.1,0.3,0.6,0.8,0.6,-0.2,-0.6,-0.2,0.8,1.4,0.8
212,0.8097484276729559,1.6789308176100637,7.118867924528301,1.2,3.5,8.7,28.6,18.6,13.2,-11.6,-10.3,-6.7,40.2,28.9,19.9,0,212,-0.0751572327044023,-0.0358490566037736,-0.1430817610062891,0.0,0.0,0.0,3.9,1.7,2.3,-5.7,-2.9,-4.6,9.6,4.6,6.9,212,-0.031132075471698,0.1081761006289311,0.2430817610062894,-0.1,0.1,0.3,0.5,0.6,0.5,-0.3,-0.5,-0.3,0.8,1.1,0.8
213,0.2716599190283403,-2.216599190283403,5.005263157894736,0.0,-1.1,5.1,39.2,20.0,19.5,-25.5,-19.7,-22.1,64.7,39.7,41.6,0,213,0.0117408906882592,0.1263157894736845,-0.1149797570850203,0.0,0.1,-0.1,8.9,11.4,9.4,-12.4,-6.5,-6.2,21.3,17.9,15.6,213,0.0364372469635627,-0.1688259109311739,0.8400809716599195,0.1,-0.1,0.9,0.6,0.1,1.0,-0.7,-0.7,0.7,1.2999999999999998,0.7999999999999999,0.3
214,-5.472463768115935,-3.509057971014489,2.984782608695652,-8.8,-3.8,1.5,26.5,22.9,38.5,-25.2,-39.2,-17.9,51.7,62.1,56.4,0,214,-0.0788043478260865,-0.0193840579710145,0.0422101449275362,-0.0,0.0,0.0,12.8,5.9,5.2,-8.2,-8.5,-17.0,21.0,14.4,22.2,214,-0.3530797101449278,0.1695652173913043,0.1371376811594211,-0.5,0.4,0.3,0.3,0.5,0.5,-0.7,-0.7,-0.5,1.0,1.2,1.0
215,-0.4994318181818196,-2.34090909090909,6.213352272727269,-0.4,-2.2,6.6,27.3,7.8,11.9,-13.6,-14.7,-3.1,40.9,22.5,15.0,0,215,-0.0392045454545457,0.0298295454545454,-0.0690340909090909,0.0,0.0,-0.0,2.7,2.5,2.8,-6.3,-1.8,-3.4,9.0,4.3,6.199999999999999,215,0.0948863636363639,0.1863636363636374,-0.7909090909090906,-0.0,0.2,-0.8,0.6,0.5,-0.5,-0.4,-0.1,-1.0,1.0,0.6,0.5
216,0.0253333333333332,-4.322333333333332,8.24466666666667,-0.4,-5.3,8.6,16.2,11.5,19.1,-12.1,-15.4,-9.5,28.3,26.9,28.6,0,216,-0.1812709030100333,-0.119732441471572,0.0013377926421404,-0.0,-0.0,-0.0,6.6,3.1,4.5,-8.0,-3.9,-5.2,14.6,7.0,9.7,216,-0.1602006688963217,-0.1454849498327767,0.4749163879598683,-0.2,-0.1,0.5,0.4,-0.0,0.7,-0.4,-0.4,0.1,0.8,0.4,0.6
217,-4.205541561712844,-2.8455919395465994,2.371788413098237,-8.0,-3.9,0.3,32.9,17.0,25.8,-36.1,-30.0,-16.2,69.0,47.0,42.0,0,217,0.3053030303030302,-0.0068181818181818,0.0926767676767676,0.1,0.0,-0.0,8.4,5.8,10.2,-11.9,-7.3,-6.1,20.3,13.1,16.299999999999997,217,0.2460957178841312,-0.2866498740554168,0.3541561712846342,0.3,-0.5,0.3,0.6,0.5,0.9,-0.1,-0.7,-0.3,0.7,1.2,1.2
218,2.511392405063292,-2.5210970464135003,7.263291139240505,0.9,-3.6,8.0,17.8,22.4,25.2,-13.3,-14.9,-6.4,31.1,37.3,31.6,0,218,-0.3510548523206747,-0.1236286919831223,-0.1940928270042196,-0.2,-0.0,-0.1,6.7,2.8,3.9,-11.0,-5.0,-6.9,17.7,7.8,10.8,218,-0.19789029535865,0.0856540084388183,-0.8232067510548539,-0.2,0.0,-0.8,0.1,0.6,-0.5,-0.6,-0.4,-1.0,0.7,1.0,0.5
219,-1.5526717557251908,-3.842366412213739,5.863358778625957,-0.6499999999999999,-4.75,5.4,23.6,13.0,39.2,-16.4,-34.1,-5.4,40.0,47.1,44.6,0,219,-0.1754789272030648,-0.1754789272030651,-0.0954022988505747,-0.0,-0.1,0.0,6.6,4.7,5.9,-11.1,-4.1,-6.5,17.7,8.8,12.4,219,-0.2591603053435122,-0.0935114503816798,0.1935114503816792,-0.3,-0.1,0.2,0.2,0.1,0.6,-0.7,-0.5,-0.4,0.8999999999999999,0.6,1.0
220,0.1108527131782939,-3.190310077519382,7.174031007751936,-1.8,-2.9,8.9,30.9,18.5,32.8,-38.0,-25.8,-15.1,68.9,44.3,47.9,0,220,-0.0740310077519379,0.0220930232558139,0.0949612403100774,0.1,-0.1,0.1,6.5,5.8,8.3,-8.5,-7.5,-5.7,15.0,13.3,14.0,220,-0.2286821705426358,-0.0073643410852713,-0.1910852713178291,-0.2,0.1,-0.2,-0.0,0.2,0.1,-0.5,-0.7,-0.5,0.5,0.8999999999999999,0.6
221,-1.3618181818181818,-4.791212121212121,3.387272727272727,-4.0,-5.55,2.8,12.0,18.4,19.6,-28.5,-17.4,-5.1,40.5,35.8,24.700000000000003,0,221,-0.0754545454545455,0.156969696969697,0.2542424242424239,0.2,0.05,0.0,5.5,4.6,5.5,-5.3,-3.7,-3.9,10.8,8.3,9.4,221,-0.0427272727272725,-0.4036363636363619,0.7575757575757555,-0.2,-0.4,0.7,0.6,0.1,1.0,-0.5,-0.8,0.4,1.1,0.9,0.6
222,1.546636771300448,-3.391031390134529,4.994618834080719,1.2,-4.1,5.2,25.8,16.7,22.2,-8.1,-38.6,-12.8,33.9,55.3,35.0,0,222,-0.0727678571428571,-0.2919642857142857,0.0857142857142858,0.0,-0.2,0.0,8.7,3.9,10.0,-10.8,-5.2,-5.3,19.5,9.1,15.3,222,0.1986666666666672,0.1386666666666665,0.0533333333333332,0.2,0.1,0.1,0.7,0.5,0.6,-0.4,-0.2,-0.3,1.1,0.7,0.8999999999999999
223,-4.22784810126582,-2.610126582278481,7.319303797468356,-1.8,-0.6,9.25,13.5,9.0,39.2,-26.7,-34.9,-13.6,40.2,43.9,52.8,0,223,-0.4287974683544304,-0.2705696202531647,0.0335443037974683,0.0,0.0,0.0,8.8,3.6,5.9,-10.3,-8.6,-8.3,19.1,12.2,14.2,223,-0.0550632911392405,-0.2018987341772155,0.7354430379746868,-0.1,-0.1,0.8,0.4,0.1,1.0,-0.4,-0.7,0.4,0.8,0.7999999999999999,0.6
224,0.2202247191011233,-4.2564606741573,5.462921348314607,0.3,-5.6,8.1,22.4,37.3,23.4,-17.6,-36.5,-36.0,40.0,73.8,59.4,0,224,-0.0469101123595506,-0.0171348314606741,0.0435393258426967,0.0,0.0,0.0,6.3,4.1,9.1,-13.3,-3.0,-6.2,19.6,7.1,15.3,224,-0.3005633802816899,0.0895774647887322,-0.4501408450704196,-0.3,0.1,-0.3,0.2,0.3,-0.3,-0.7,-0.1,-0.8,0.8999999999999999,0.4,0.5
225,1.1819852941176496,-2.12904411764706,7.80073529411765,1.0,-1.5,9.4,11.4,4.2,22.8,-6.3,-39.2,-15.0,17.7,43.400000000000006,37.8,0,225,0.0518382352941176,0.0198529411764706,-0.013235294117647,0.0,0.0,-0.0,5.9,2.0,6.2,-8.3,-4.8,-3.5,14.2,6.8,9.7,225,-0.0970588235294113,-0.1536764705882353,0.3908088235294129,-0.1,-0.1,0.4,0.2,0.1,0.5,-0.6,-0.6,0.1,0.8,0.7,0.4
226,2.079545454545457,-4.019602272727266,7.688068181818154,2.9,-4.9,7.8,7.8,24.7,16.5,-13.1,-39.2,-15.1,20.9,63.900000000000006,31.6,0,226,0.0568181818181819,-0.0747159090909091,0.0034090909090909,0.0,0.0,0.0,9.5,2.1,7.5,-3.7,-1.7,-2.4,13.2,3.8,9.9,226,-0.1488636363636368,-0.2264204545454529,0.4630681818181818,-0.2,-0.3,0.5,0.1,-0.0,0.5,-0.5,-0.5,0.3,0.6,0.5,0.2
227,-0.611693548387096,0.0334677419354831,7.383467741935484,-0.5,1.3,9.3,19.9,19.3,34.2,-31.8,-39.2,-8.0,51.7,58.5,42.2,0,227,-0.1542168674698794,0.216867469879518,-0.1983935742971888,0.1,-0.0,0.0,8.6,7.0,10.0,-17.3,-10.8,-8.9,25.9,17.8,18.9,227,0.0558704453441292,-0.0449392712550606,0.8076923076923117,-0.0,0.0,0.8,0.6,0.3,0.9,-0.1,-0.6,0.6,0.7,0.8999999999999999,0.3
228,0.1904181184668975,-5.044773519163737,7.2818815331010835,0.4,-4.3,8.8,14.7,39.0,21.8,-12.8,-39.2,-25.0,27.5,78.2,46.8,0,228,0.0864111498257839,-0.0301393728222996,-0.0205574912891986,0.0,0.0,-0.0,13.8,4.7,9.3,-7.9,-7.4,-4.6,21.700000000000003,12.1,13.9,228,0.2984374999999995,0.0003472222222222,0.1637152777777794,0.2,-0.0,0.2,0.7,0.3,0.4,-0.3,-0.1,0.1,1.0,0.4,0.3
229,0.1800000000000002,-3.5114606741573025,8.321348314606738,0.2,-4.1,9.0,16.8,38.8,23.3,-15.1,-39.2,-37.6,31.9,78.0,60.900000000000006,0,229,-0.0044943820224718,-0.0159550561797752,0.0202247191011236,-0.0,0.0,-0.0,14.8,1.7,6.5,-6.6,-1.6,-4.1,21.4,3.3,10.6,229,0.1925675675675683,0.0308558558558558,-0.1297297297297303,0.2,0.0,-0.1,0.6,0.3,0.2,-0.1,-0.1,-0.2,0.7,0.4,0.4
230,0.1836858006042297,-4.103625377643508,7.16042296072508,0.1,-6.6,6.3,22.2,31.4,31.6,-16.9,-39.2,-15.3,39.1,70.6,46.900000000000006,0,230,0.0121212121212122,-0.0848484848484847,0.0669696969696969,0.0,0.0,0.0,8.2,2.6,9.2,-6.9,-4.7,-3.0,15.1,7.300000000000001,12.2,230,-0.2537764350453173,-0.0706948640483386,0.0725075528700908,-0.4,-0.0,0.1,0.0,0.0,0.1,-0.6,-0.5,-0.3,0.6,0.5,0.4
231,-4.743967280163596,-2.564826175869117,3.657464212678936,-5.0,-2.5,1.9,28.3,15.0,23.2,-20.3,-39.2,-39.0,48.6,54.2,62.2,0,231,0.021676891615542,-0.2554192229038856,0.1102249488752555,-0.0,-0.0,0.1,8.4,2.4,10.0,-16.3,-6.4,-10.0,24.700000000000003,8.8,20.0,231,-0.1668711656441724,0.353987730061348,-0.4255623721881399,-0.1,0.4,-0.5,0.3,0.7,0.1,-0.7,-0.2,-0.9,1.0,0.8999999999999999,1.0
232,-3.0188544152744643,-3.160143198090688,7.702863961813846,-4.1,-2.5,8.4,11.7,9.9,35.2,-19.6,-25.4,-33.5,31.3,35.3,68.7,0,232,0.0205741626794258,0.0421052631578947,-0.0643540669856458,0.0,0.0,-0.0,7.3,2.8,8.6,-8.1,-3.9,-5.6,15.4,6.699999999999999,14.2,232,-0.1854415274462998,0.1379474940334134,-0.0806682577565638,-0.1,0.2,-0.1,-0.1,0.3,-0.0,-0.6,-0.4,-0.3,0.5,0.7,0.3
233,-3.6057534246575305,-4.612876712328772,2.9372602739726026,-2.9,-4.6,1.7,21.5,32.6,25.0,-24.2,-39.0,-27.6,45.7,71.6,52.6,0,233,-0.0174863387978141,-0.0289617486338796,-0.0374316939890712,0.0,-0.0,-0.1,21.2,1.5,9.6,-13.3,-3.3,-6.6,34.5,4.8,16.2,233,-0.2287671232876723,-0.401643835616437,0.7265753424657531,-0.2,-0.5,0.7,0.2,0.1,0.9,-0.5,-0.7,0.5,0.7,0.7999999999999999,0.4
234,-2.296056338028171,-3.847887323943661,6.8876056338028215,-3.3,-3.3,8.5,17.9,9.3,32.8,-15.8,-39.2,-5.2,33.7,48.5,38.0,0,234,0.0639436619718311,0.0388732394366197,-0.0335211267605633,-0.0,0.0,-0.0,11.9,7.2,8.3,-7.8,-5.7,-5.6,19.7,12.9,13.9,234,-0.2575842696629206,0.0382022471910112,0.1654494382022479,-0.2,0.1,0.2,-0.1,0.2,0.3,-0.7,-0.6,-0.3,0.6,0.8,0.6
235,1.2979220779220784,-5.0280519480519485,6.388311688311682,1.0,-5.5,7.2,39.2,38.9,18.1,-38.4,-31.6,-34.1,77.6,70.5,52.2,0,235,0.0657142857142858,0.0246753246753247,0.0311688311688311,-0.0,-0.0,-0.0,7.2,8.6,5.7,-9.5,-6.5,-12.7,16.7,15.1,18.4,235,-0.3161879895561339,0.0172323759791122,-0.1342036553524807,-0.3,-0.0,-0.2,-0.0,0.4,0.2,-0.6,-0.2,-0.3,0.6,0.6000000000000001,0.5
236,0.3256704980842911,-0.2796934865900382,8.824521072796937,0.7,1.0,9.7,23.7,29.3,27.3,-34.1,-39.2,-26.0,57.8,68.5,53.3,0,236,-0.0435114503816793,-0.0190839694656488,-0.0522900763358777,0.0,-0.0,-0.0,28.6,3.9,10.7,-14.0,-5.8,-11.8,42.6,9.7,22.5,236,0.0011494252873563,0.0701149425287357,-0.3885057471264383,0.0,0.0,-0.4,0.5,0.5,-0.1,-0.1,0.0,-0.5,0.6,0.5,0.4
237,-1.1662576687116557,-3.352147239263808,7.569325153374244,-0.8,-2.5,9.4,17.6,11.2,30.7,-22.5,-29.6,-38.5,40.1,40.8,69.2,0,237,0.0822085889570552,0.0800613496932515,-0.0846625766871165,-0.0,0.0,0.0,14.0,2.1,7.0,-7.5,-4.7,-4.0,21.5,6.800000000000001,11.0,237,0.1803680981595092,-0.1358895705521473,0.4168711656441715,0.1,-0.1,0.4,0.6,-0.0,0.6,-0.1,-0.4,0.3,0.7,0.4,0.3
238,3.1805447470817154,-5.553891050583655,2.2324902723735427,3.45,-5.5,4.25,18.4,10.3,39.2,-23.5,-31.9,-33.5,41.9,42.2,72.7,0,238,0.0210116731517509,-0.0122568093385214,0.0410505836575874,-0.0,-0.0,0.0,5.0,5.9,3.9,-3.7,-4.1,-2.9,8.7,10.0,6.8,238,-0.4980582524271835,0.1001941747572824,-0.4988349514563105,-0.7,0.1,-0.5,0.1,0.3,-0.3,-0.8,-0.2,-0.7,0.9,0.5,0.3999999999999999
239,5.1701720841300105,-0.0076481835564058,7.629254302103253,5.6,0.4,7.6,11.8,7.3,34.2,-0.5,-16.2,-0.9,12.3,23.5,35.1,0,239,-0.0441682600382407,-0.0181644359464627,-0.0087954110898661,0.0,0.0,0.0,3.2,3.5,1.3,-3.8,-2.2,-3.3,7.0,5.7,4.6,239,0.0522900763358777,-0.2749999999999982,0.2202290076335882,0.0,-0.3,0.2,0.4,-0.0,0.3,-0.3,-0.5,0.1,0.7,0.5,0.1999999999999999
240,4.576888888888889,-5.944888888888888,4.2215555555555575,5.1,-6.3,4.95,24.1,2.3,36.1,-20.8,-18.5,-8.6,44.900000000000006,20.8,44.7,0,240,-0.002,-0.0117777777777777,-0.0077777777777777,0.0,0.0,0.0,4.8,3.5,1.4,-4.4,-2.2,-2.0,9.2,5.7,3.4,240,-0.2797777777777768,-0.3822222222222218,0.2717777777777786,-0.3,-0.5,0.2,0.1,-0.0,0.5,-0.4,-0.6,0.1,0.5,0.6,0.4
241,5.901190476190473,-3.8081349206349215,0.9926587301587304,7.25,-3.8,-0.6,31.0,12.3,35.0,-22.4,-34.2,-24.9,53.4,46.5,59.9,0,241,-0.0067460317460315,-0.0825396825396825,-0.0634920634920635,0.0,0.0,0.0,7.1,11.8,5.9,-8.9,-9.4,-8.5,16.0,21.200000000000003,14.4,241,0.4533730158730127,-0.3170634920634922,0.7111111111111088,0.6,-0.4,0.7,0.7,0.2,1.0,-0.1,-0.6,0.6,0.7999999999999999,0.8,0.4
242,1.7295479603087065,-3.3618522601984444,4.805402425578835,-1.2,-2.1,9.5,27.4,12.6,36.3,-22.6,-38.4,-33.1,50.0,51.0,69.4,0,242,0.0007717750826901,0.0597574421168688,-0.0001102535832413,0.0,-0.0,-0.0,7.7,5.0,3.2,-10.7,-4.0,-4.8,18.4,9.0,8.0,242,0.3184123484013291,0.0370452039691292,0.0880926130099252,0.1,-0.0,-0.0,0.8,0.3,0.4,-0.0,-0.1,-0.1,0.8,0.4,0.5
243,4.380778032036615,-4.089016018306632,2.657665903890161,4.7,-4.9,3.7,15.3,6.1,35.3,-12.4,-23.4,-14.3,27.700000000000003,29.5,49.6,0,243,-0.0033039647577093,0.0396475770925109,-0.0770925110132159,0.0,0.0,0.0,7.4,3.6,1.2,-8.6,-2.6,-2.5,16.0,6.2,3.7,243,0.3880794701986757,0.2006622516556282,0.1624724061810148,0.6,0.3,0.2,0.7,0.4,0.3,-0.2,0.0,-0.1,0.8999999999999999,0.4,0.4
244,5.35965665236053,-2.077896995708158,7.789270386266083,5.4,-2.4,8.0,12.7,9.4,34.2,-8.2,-9.1,0.9,20.9,18.5,33.300000000000004,0,244,-0.0635193133047208,-0.0201716738197425,-0.0229613733905579,-0.0,0.0,-0.0,1.1,2.5,1.1,-3.3,-2.6,-2.2,4.4,5.1,3.3000000000000003,244,-0.1830472103004306,-0.2626609442060078,-0.156437768240343,-0.2,-0.3,-0.2,0.1,-0.1,-0.0,-0.3,-0.4,-0.2,0.4,0.3,0.2
245,6.207727975270482,-3.605255023183925,4.02071097372488,7.2,-3.9,4.5,14.6,5.7,33.5,-4.7,-18.4,-10.3,19.3,24.1,43.8,0,245,-0.0153013910355486,0.0007727975270478,0.0264296754250386,-0.0,0.0,-0.0,5.2,3.8,2.7,-4.5,-3.6,-2.8,9.7,7.4,5.5,245,-0.4695517774343113,0.0656877897990728,-0.7374034003091173,-0.6,0.1,-0.7,0.0,0.2,-0.6,-0.7,-0.2,-0.8,0.7,0.4,0.2
246,2.5376673040152933,-2.987954110898665,4.736520076481829,3.4,-2.7,7.4,22.9,13.4,29.9,-20.0,-20.4,-16.9,42.9,33.8,46.8,0,246,-0.0053639846743294,0.0067049808429118,-0.0865900383141762,0.0,0.0,0.0,8.7,5.9,4.3,-6.8,-8.6,-5.8,15.5,14.5,10.1,246,-0.2921305182341638,-0.1199616122840689,-0.1481765834932815,-0.2,-0.2,-0.2,-0.0,0.3,0.1,-0.6,-0.6,-0.3,0.6,0.8999999999999999,0.4
247,0.0143181818181818,-4.232727272727274,5.249772727272728,0.4,-4.8,3.7,9.1,8.3,39.2,-13.9,-14.2,-6.0,23.0,22.5,45.2,0,247,-0.0118181818181819,-0.0202272727272727,0.0331818181818181,-0.0,-0.0,0.0,12.4,4.1,4.6,-4.3,-2.0,-5.2,16.7,6.1,9.8,247,-0.0563636363636364,-0.3481818181818204,0.7434090909090885,0.0,-0.4,0.7,0.2,0.2,1.0,-0.5,-0.7,0.7,0.7,0.8999999999999999,0.3
248,1.566011787819254,-4.481532416502942,4.02278978388998,0.9,-3.6,3.8,17.8,1.9,28.0,-21.9,-19.2,-9.9,39.7,21.1,37.9,0,248,-0.0196463654223969,0.0021611001964637,0.0127701375245577,-0.0,-0.0,0.0,5.5,4.3,3.3,-6.0,-2.9,-4.5,11.5,7.199999999999999,7.8,248,-0.3732283464566903,-0.1297244094488183,0.0108267716535433,-0.4,-0.2,-0.0,-0.1,0.3,0.3,-0.6,-0.5,-0.3,0.5,0.8,0.6
249,-5.797896749521993,-5.78967495219885,3.3571701720841296,-6.7,-5.2,2.3,11.3,6.6,37.3,-16.7,-34.8,-11.6,28.0,41.4,48.9,0,249,-0.0444444444444445,-0.0061302681992337,0.085632183908046,0.1,0.3,0.1,3.6,2.9,4.4,-6.2,-4.3,-1.7,9.8,7.199999999999999,6.1000000000000005,249,-0.4234732824427487,0.3324427480916049,0.1240458015267184,-0.4,0.4,0.1,-0.1,0.5,0.2,-0.7,-0.1,-0.1,0.6,0.6,0.3
250,5.546748681898058,-5.30544815465729,2.344991212653777,6.8,-5.9,1.2,10.7,9.0,22.4,-4.6,-14.8,-9.8,15.3,23.8,32.2,0,250,0.0014084507042254,0.029225352112676,-0.0323943661971831,0.0,-0.0,0.0,6.6,2.3,1.3,-5.2,-2.1,-2.1,11.8,4.4,3.4000000000000004,250,0.2806338028169032,0.4825704225352087,-0.2438380281690164,0.3,0.6,-0.2,0.6,0.6,-0.1,-0.2,-0.1,-0.5,0.8,0.7,0.4
251,3.405316455696202,-5.148607594936705,2.711139240506331,3.9,-6.0,4.2,13.8,5.3,33.3,-12.9,-18.8,-29.9,26.700000000000003,24.1,63.2,0,251,-0.022784810126582,0.0362025316455696,0.0197468354430379,-0.1,-0.1,0.0,7.7,9.5,3.3,-6.8,-4.2,-2.1,14.5,13.7,5.4,251,0.4615189873417718,-0.1179746835443043,0.4822784810126574,0.7,-0.1,0.5,0.8,0.1,0.6,-0.2,-0.3,0.3,1.0,0.4,0.3
252,-4.47428180574556,-5.768399452804384,0.5448700410396717,-4.0,-6.7,1.3,1.2,11.3,10.9,-13.0,-14.4,-11.1,14.2,25.700000000000003,22.0,0,252,0.0221614227086183,-0.0582763337893296,0.0430916552667578,0.0,0.1,-0.0,6.2,2.8,4.0,-4.8,-4.7,-2.5,11.0,7.5,6.5,252,-0.4277701778385739,-0.3982216142270842,0.6062927496580003,-0.5,-0.4,0.6,0.1,0.1,0.8,-0.8,-0.9,0.2,0.9,1.0,0.6000000000000001
253,-3.443393939393937,-5.818060606060604,0.3615757575757571,-3.5,-6.8,0.7,5.1,5.6,12.0,-14.3,-16.4,-16.6,19.4,22.0,28.6,0,253,0.0438787878787877,0.0544242424242422,0.0593939393939392,-0.0,-0.0,-0.0,8.3,2.8,4.4,-6.7,-2.3,-2.0,15.0,5.1,6.4,253,-0.0653333333333335,0.5675151515151484,-0.6075151515151499,-0.1,0.6,-0.6,0.3,0.9,-0.2,-0.4,-0.3,-1.0,0.7,1.2,0.8
254,-3.927433628318584,-6.296755162241893,1.965339233038347,-4.15,-7.15,2.25,6.3,3.5,12.7,-14.7,-15.1,-9.5,21.0,18.6,22.2,0,254,-0.0070796460176992,0.0544247787610619,-0.0261061946902655,0.0,0.0,0.0,8.6,2.0,2.6,-8.3,-2.2,-1.9,16.9,4.2,4.5,254,0.2054572271386434,-0.5100294985250771,0.4946902654867267,0.2,-0.5,0.5,0.5,-0.1,0.8,-0.2,-0.8,0.1,0.7,0.7000000000000001,0.7000000000000001
255,-3.909671532846714,-5.081751824817518,2.292883211678832,-3.7,-6.6,2.1,10.2,7.5,12.6,-14.2,-16.9,-8.3,24.4,24.4,20.9,0,255,0.0598540145985401,-0.0487226277372261,-0.043065693430657,0.0,-0.0,0.0,6.3,2.7,3.1,-8.3,-2.7,-3.8,14.6,5.4,6.9,255,-0.4270072992700715,-0.1835766423357667,0.572627737226275,-0.5,-0.2,0.6,0.3,0.3,0.8,-0.8,-0.6,0.3,1.1,0.8999999999999999,0.5
256,-6.534385201305774,-4.310010881392817,0.7535364526659412,-8.5,-3.8,0.6,1.1,6.0,13.4,-15.0,-17.1,-11.0,16.1,23.1,24.4,0,256,0.0289445048966268,-0.0077257889009794,0.0379760609357997,0.0,0.0,0.0,10.2,4.3,4.6,-6.3,-5.0,-4.2,16.5,9.3,8.8,256,-0.376278563656148,-0.426115342763873,0.6831338411316669,-0.5,-0.4,0.7,0.1,0.2,0.9,-0.6,-0.9,0.3,0.7,1.1,0.6000000000000001
257,-2.5030193236714955,-5.715700483091788,-1.1780193236714986,-1.6,-7.45,-2.35,2.0,6.0,10.7,-15.2,-12.6,-11.5,17.2,18.6,22.2,0,257,0.0105072463768115,0.0382850241545891,0.0183574879227053,0.0,0.0,-0.0,5.5,2.0,3.5,-5.4,-1.7,-1.8,10.9,3.7,5.3,257,-0.617028985507243,-0.0326086956521735,0.146256038647344,-0.8,0.0,0.2,0.3,0.4,0.6,-1.0,-0.4,-0.1,1.3,0.8,0.7
258,-5.619818652849738,-5.767616580310875,0.818134715025907,-4.7,-6.4,1.2,3.6,10.1,11.2,-10.5,-19.9,-9.0,14.1,30.0,20.2,0,258,-0.0147668393782384,-0.00220207253886,0.0195595854922278,0.0,0.0,0.0,4.7,1.7,2.2,-4.9,-2.3,-1.3,9.6,4.0,3.5,258,-0.5538860103626957,0.2036269430051807,0.2064766839378226,-0.5,0.1,0.2,-0.0,0.5,0.3,-0.9,-0.1,0.0,0.9,0.6,0.3
259,-5.088722826086956,-5.024592391304349,-1.089538043478262,-3.8,-6.1,-1.3,1.6,7.5,10.2,-16.8,-16.9,-11.4,18.4,24.4,21.6,0,259,-0.0230978260869569,-0.0642663043478259,0.0758152173913042,-0.0,-0.0,0.0,14.6,3.1,4.6,-6.6,-5.1,-2.8,21.2,8.2,7.399999999999999,259,0.4442934782608674,0.4555706521739133,-0.5741847826086945,0.5,0.5,-0.6,0.8,0.9,-0.2,-0.2,-0.2,-0.8,1.0,1.1,0.6000000000000001
260,-3.982541899441338,-6.1180167597765465,-0.2662011173184365,-2.8,-7.3,0.3,1.8,1.2,10.0,-16.4,-16.1,-11.9,18.2,17.3,21.9,0,260,-0.0249999999999996,-0.0272346368715084,0.0188547486033519,0.0,-0.1,0.0,7.0,3.2,4.7,-5.9,-2.3,-2.6,12.9,5.5,7.300000000000001,260,0.0743016759776537,0.6164804469273724,-0.6018156424581032,0.1,0.6,-0.6,0.7,1.0,-0.2,-0.3,0.0,-1.0,1.0,1.0,0.8
261,-4.202820512820512,-5.736282051282052,-2.185256410256408,-3.7,-6.7,-4.1,1.4,5.8,10.4,-14.2,-22.7,-13.2,15.6,28.5,23.6,0,261,-0.003589743589744,0.0706410256410258,-0.015641025641026,0.1,0.0,-0.0,11.3,2.1,4.3,-7.0,-0.8,-3.3,18.3,2.9000000000000004,7.6,261,0.5730769230769207,-0.3712820512820488,0.0828205128205132,0.6,-0.4,0.1,0.9,0.2,0.7,-0.2,-0.7,-0.4,1.1,0.8999999999999999,1.1
262,-2.197207678883069,-5.89092495636998,2.874694589877835,-3.2,-5.7,4.3,11.7,3.6,13.0,-7.8,-15.0,-12.9,19.5,18.6,25.9,0,262,0.0268760907504361,0.0120418848167538,0.068411867364747,-0.0,0.0,0.0,10.8,2.9,2.7,-5.8,-3.3,-5.2,16.6,6.199999999999999,7.9,262,-0.0924956369982558,0.4862129144851597,-0.7160558464223397,-0.1,0.5,-0.8,0.3,0.9,-0.1,-0.4,0.2,-1.0,0.7,0.7,0.9
263,4.547950089126558,-5.827807486631013,4.434759358288767,4.2,-5.8,5.7,11.3,0.7,10.7,0.6,-18.0,-11.2,10.7,18.7,21.9,0,263,-0.0610726643598618,-0.0434256055363321,0.046712802768166,0.0,0.0,0.0,3.1,0.8,3.4,-4.0,-1.5,-2.7,7.1,2.3,6.1,263,-0.0854671280276824,0.4525951557093459,-0.7704152249134939,-0.1,0.4,-0.8,0.1,0.9,-0.4,-0.4,0.1,-1.0,0.5,0.8,0.6
264,-5.057545605306793,-5.112106135986728,0.9179104477611943,-5.3,-6.4,0.2,2.1,5.5,19.3,-15.5,-17.2,-12.4,17.6,22.7,31.700000000000003,0,264,-0.0099667774086379,-0.0677740863787375,0.0548172757475088,0.1,0.0,-0.0,7.8,1.9,6.0,-8.9,-2.3,-2.8,16.7,4.199999999999999,8.8,264,0.2698175787728027,-0.46252072968491,0.3495854063018262,0.3,-0.5,0.2,0.7,0.3,0.9,-0.1,-0.9,-0.1,0.7999999999999999,1.2,1.0
265,-6.070386904761902,-4.060119047619043,0.8782738095238096,-5.6,-5.2,1.1,0.5,5.5,9.7,-15.5,-10.4,-8.5,16.0,15.9,18.2,0,265,-0.0163447251114413,0.0087667161961366,0.0564635958395244,0.0,-0.0,-0.0,5.1,1.8,2.9,-4.4,-1.6,-1.5,9.5,3.4000000000000004,4.4,265,-0.4112927191679053,-0.3777117384844005,0.6857355126300116,-0.4,-0.3,0.7,-0.0,0.2,0.9,-0.6,-0.9,0.3,0.6,1.1,0.6000000000000001
